#call,irc,reddit
# Note: If you don't want your info here, please submit a pull request.,
2E0AZU,,/u/Shellout
2E0BSL,,/u/ultrajv
2E0DQI,,/u/hashbinbash
2E0FCH,,/u/mrafinch
2E0FUR,,/u/SupraJames
2E0GGB,,/u/outofcharact
2E0GHX,,/u/2e0ghx
2E0IAR,,/u/OrangutanClyde
2E0INV,,/u/inversesandwich
2E0KDN,,/u/wtf_apostrophe
2E0KEF,,/u/jasiek83
2E0KGG,,/u/DoISmellBurning
2E0LEM,,/u/Lemonade1947
2E0LTU,,/u/lw0x15
2E0OFX,,/u/syrrusfox
2E0PGP,,/u/DontThrowMeAway242
2E0SEY,,/u/JakeTechie
2E0SKF,,/u/datagramm
2E0TIE,Andy2E0TIE,
2E0TPS,,/u/matstace
2E0TTG,,/u/TonyHoyle
2E0XDY,,/u/craigjbass
2E0XMT,,/u/tommykw
2E0XSS,,/u/t3rminalV
2E1EPQ,,/u/2E1EPQ
2E1HNK,,/u/2e1hnk
2E1HSB,,/u/2E1HSB
2M0FFY,,/u/caffeinep0wered
2M0IBG,,/u/scotsgraeme
2M0SQL,,/u/2m0sql
2M0STB,,/u/adapa
2U0DWD,,/u/2U0DWD
2W0BRR,,/u/2Tone
2W0GOP,,/u/Siyfion
4X5DM,,/u/cqcqdx
4Z1UG,,/u/4Z1UG
5Q5R,,/u/mihtjel
7J1AJH,,/u/jtittsler
9A3DLZ,,/u/I14R10
9A5DLZ,,/u/I14R10
9H5SE,,/u/drinu276
9M2TPT,,/u/mmisnan
A65IT,,/u/ArabianCoconut
AA0NA,,/u/wulvyrn
AA0ZB,,/u/aa0zb
AA3SO,,/u/AA3SO
AA4GA,,/u/aa4ga
AA4IO,,/u/nvertedflyer
AA4OO,,/u/AA4OO
AA6E,,/u/AA6E
AA6RV,,/u/aa6rv
AA7AQ,,/u/aa7aq
AA7AS,,/u/fyngyrz
AA7RX,,/u/randomrox
AA8C,,/u/AA8C
AA9GB,,/u/aa9gb
AB0JT,ab0jt,/u/ab0tj
AB1JX,,/u/ab1jx
AB1RL,,/u/bcs
AB1TA,,/u/cstute
AB1TI,,/u/pahong
AB1VU,,/u/VU3JEJ
AB1XA,,/u/Lebo77
AB1XO,,/u/Spfoamer
AB1XT,,/u/ab1xt
AB2ET,,/u/ab2et
AB2KT,,/u/ab2kt
AB3DC,,/u/AB3DC
AB3I,Hamsterdave,/u/Hamsterdave
AB3JF,,/u/Prima13
AB3JU,,/u/ab3ju
AB3LS,,/u/liltechdude
AB3RU,,/u/LordHector
AB3RW,,/u/ab3rw
AB3U,,/u/bearda
AB3US,,/u/chssmsterwnook
AB3WX,,/u/7h3l3g1zzl3
AB3YH,,/u/AB3YH
AB3YP,,/u/AB3YP
AB4UG,,/u/eugenemah
AB6CP,,/u/imadamb
AB7QL,,/u/ben_zen
AB8M,,/u/RttyTester
AB8PG,,/u/Vesselin
AB8WU,,/u/URABUSA
AB9IL,,/u/AB9IL
AB9RF,,/u/ab9rf
AC0EV,,/u/myersjustinc
AC0TG,,/u/buggzz
AC0VD,,/u/DJPhil
AC1CP,,/u/AC1CP
AC1DL,,/u/morsmihilucrum
AC1DM,,/u/pupeno
AC2LF,,/u/NullOranje
AC2OK,,/u/illsouryourmilk
AC2QC,,/u/joey_boy
AC2VB,,/u/AC2VB
AC3BY,,/u/Son_Of_A_Diddley
AC4JD,AC4JD,
AC6V,,/u/ac6v
AC7CF,,/u/mduser63
AC7ZZ,,/u/sbicknel
AC8JO,,/u/ac8jo
AC8LX,,/u/ninevolt
AC8NP,,/u/Scalper2
AC8PK,,/u/blueshiftlabs
AC8SA,,/u/yodacallmesome
AC8YZ,,/u/Zorb750
AC8ZT,,/u/AC8ZT
AC9EC,,/u/r4v5
AC9FJ,,/u/Olah92
AC9GT,,/u/AC9GT
AC9KW,,/u/AC9KW
AC9OH,AC9OH,/u/aaronosaur
AC9QI,,/u/Drumsetplyr87
AC9QP,,/u/AC9QP
AD0FC,,/u/echosia
AD0FN,,/u/Bugasu
AD0JA,,/u/1094jacob
AD0JN,,/u/hotwatersuicide
AD0NE,,/u/AD0NE
AD0OU,,/u/twmiller_ftc
AD0OV,,/u/techcaleb
AD0OW,,/u/superalpine
AD0P,,/u/hotwatersuicide
AD0QH,,/u/AD0QH
AD0QM,,/u/jecxjo
AD0TA,AD0TA-home,/u/r3dw0rm
AD0TS,AD0TS,
AD5DA,,/u/ad5da
AD5NL,,/u/texasyojimbo
AD5OU,,/u/ad5ou
AD6I,,/u/AD6I
AD7EV,,/u/AD7EV
AE0MT,,/u/zryder94
AE0MW,,/u/mwaldron
AE1B,,/u/billybobwillyt
AE4RV,,/u/AE4RV
AE4TI,,/u/criewe
AE5CP,AE5CP,/u/AE5CP
AE5X,,/u/ae5x
AE7GG,,/u/_thekev
AE7JY,,/u/davidfg4
AE7PA,,/u/barryswat
AE7ST,,/u/atoponce
AE9S,,/u/AE9S
AF1A,,/u/AF1A
AF1CS,,/u/af1cs
AF4K,,/u/AF4K
AF5DF,,/u/macfirbolg
AF5HF,,/u/forlasanto
AF5TY,,/u/AF5TY
AF5UP,,/u/bobmounger
AF5WT,,/u/armlesshobo
AF6ZN,,/u/ebneter
AF7BO,,/u/tylertennisman
AF7EC,,/u/AF7EC
AF7PL,,/u/harlows_monkeys
AF7ST,,/u/projektdotnet
AF7UD,,/u/system37
AG1LE,,/u/ag1le
AG1Z,AG1Z,/u/erikreynolds
AG4ZP,,/u/ag4zp
AG5BA,,/u/AG5BA
AG5JH,,/u/joshuatshaffer
AG5KK,,/u/friesen
AG5OF,,/u/TheReallyHappySock
AG6ET,,/u/iterative
AG6FR,,/u/ag6fr
AG6IE,,/u/epall
AG6PI,,/u/fenative
AG6RM,,/u/itsragtime
AG6RP,,/u/ryanpetris
AG6YO,,/u/kpreid
AG7EW,,/u/baitisj
AG7FO,,/u/pbtpu40
AG7FZ,,/u/AG7FZ
AG7GM,,/u/fustercluck
AG7GW,,/u/pd0hun
AG7HI,,/u/AG7HI
AG7IF,,/u/derhabicht
AG7KZ,,/u/ag7kz
AH6BI,,/u/AH6BI
AI0J,,/u/AI0J
AI4DG,,/u/jonadair
AI4LX,ai4lx,/u/hanavi
AI4QB,,/u/bourbonaire
AI6AJ,,/u/ai6aj
AI6BX,,/u/Ai6bx
AI6CR,,/u/lookgravity
AI6GE,,/u/KevinRayJohnson
AI6HS,,/u/AI6HS
AI6NB,,/u/heypete1
AI6OW,,/u/phaselockedtrout
AI6PA,,/u/ai6pa
AI6PF,,/u/AnsibleAdams
AI6SX,,/u/b1ackfa1c0n
AI6VW,ai6vw,
AI7LK,,/u/VE6LK
AI8A,,/u/jtittsler
AI9W,,/u/dxonawire
AJ1AN,,/u/AJ1AN
AJ2Q,,/u/bennettj1087
AJ4DW,,/u/AJ4DW
AJ4TO,,/u/japhillips87
AJ6AN,,/u/AJ6AN
AK4FN,,/u/ak4fn
AK4LW,,/u/Compusmurf
AK4MQ,,/u/stevopedia
AK4YG,,/u/jazzguitarboy
AK4ZN,,/u/dehli
AK6L,,/u/AK6L
AX3DAN,VK3DAN,/u/dangazzz
CN8VMS,,/u/Flast611920
CR7AJM,,/u/kikosgc
CS7AJM,,/u/kikosgc
CS7AJS,,/u/V1ld0r_
CT7AJM,,/u/kikosgc
DA1RA,,/u/Angelbabycakes69
DB3TK,,/u/DB3TK
DB9MAT,,/u/mathiss
DD5UDS,,/u/udoschmidt
DG7ABL,,/u/dg7abl
DH3HS,,/u/holgerschurig
DJ5TD,DJ5TD,
DL1WXD,,/u/datenwolf
DL2CHF,,/u/c_fluegel
DL2IC,,/u/7h0ma5
DL4APT,,/u/Dr_Defimus
DL7XJ,,/u/xfxian
DL7YZ,,/u/cbmuser
DL8GM,,/u/MarkusGrosser
DO1DTL,,/u/DO1DTL
DO1RUN,,/u/mactunes
DO1THO,,/u/TommiHPunkt
DO6AKU,,/u/DO6AKU
DO7YZ,,/u/cbmuser
DO9KBW,,/u/DO9KBW
EA1ITI,,/u/kk6rka
EA4GMZ,,/u/EA4GMZ
EA4GVM,,/u/neokrisys
EB1TR,,/u/EB1TR
EI2HNB,,/u/PGTiiiiiiiiiiiiiiips
EI4KL,,/u/EI4KL
ER1002SWL,,/u/ER1002SWL
ES0PLS,,/u/plaes
ES2ADO,,/u/eerikhm
ES4TIX,,/u/es4tix
F4GRX,,/u/f4grx
F4VSE,,/u/kikosgc
F5OEO,,/u/f5oeo
F6FNU,,/u/F6FNU
G0DUB,,/u/G0DUB
G0KSC,,/u/g0ksc
G0WFV,,/u/g0wfv
G3ZPF,,/u/G3ZPF
G4FFJ,,/u/dkingsland
G4VFT,,/u/g4vft
G4VSQ,,/u/G4VSQ
G5PW,,/u/g5pw
G6UMN,,/u/G6umn
G7SZZ,,/u/multijoy
G7VFY,,/u/G7VFY
G7VRD,,/u/G7VRD
GM0FFB,,/u/GM0FFB
GM4SLV,,/u/MrFTPing
GM7GAX,,/u/BobESkunky
HA1CNT,,/u/eg135
HA5VSA,,/u/dn3t
HB3YMB,HB3YMB,
HB3YNQ,,/u/vz0
HB9FRV,MrCircuitMatt,/u/megapapo
HB9FWO,,/u/Vispo
HB9FZV,,/u/heypete1
HB9NBB,,/u/hb9nbb
HI3MPC,,/u/montantico
HI8NME,,/u/jasmuz
HJ4JGG,,/u/atavaneitor
IK0NIK,,/u/iK0NiK
IK5PVX,,/u/ik5pvx
IU6ASS,,/u/GeneraleRusso
IZ4AKS,,/u/IZ4AKS
IZ7KHR,,/u/iz7khr
JG1TTG,,/u/lwhjp
JR2TTS,JR2TTS,/u/the2belo
K0ALB,,/u/alexbeal
K0ATA,,/u/UGM133A
K0ATC,,/u/Echelon81
K0AUG,,/u/cdwilliams1
K0AZV,,/u/k0azv
K0BAZ,,/u/TheEwok
K0BCC,,/u/bchociej
K0GAR,,/u/dgweller
K0GTB,,/u/tstehler1
K0HAR,,/u/jaredharley
K0HAX,,/u/K0HAX
K0JFM,,/u/justmiles
K0KDS,,/u/sndrsk
K0KEV,,/u/ham4ham
K0KXF,,/u/apostle228
K0MAS,,/u/K0MAS
K0MJP,,/u/larryblt
K0NIA,,/u/StillLearning2
K0NJR,,/u/yamahanytro
K0NKC,,/u/kcexactly
K0NR,,/u/robtwitte
K0OOK,,/u/madmouser
K0OPA,,/u/prenetic
K0PER,,/u/TinyFerret
K0PIR,,/u/k0pir
K0RET,,/u/ryan_turner
K0RYX,,/u/Bonte
K0SEA,,/u/HippieHoller
K0SJK,,/u/samkusnetz
K0STK,K0STK,/u/K0STK
K0TET,,/u/k0tet
K0UC,,/u/k0uc
K0WBG,,/u/k0wbg
K0WDE,,/u/odomandr
K1BCN,k1bcn,
K1FM,,/u/k1fm
K1GEA,,/u/Casper52250
K1HYL,,/u/dannyquist
K1JST,,/u/K1JST
K1LEA,,/u/leahlionheart
K1LNX,,/u/digilink
K1LOL,k1lol,/u/JayG7800
K1MAZ,,/u/nickenzi
K1MBE,,/u/a_fleeting_glimpse
K1MIZ,,/u/K1MiZ
K1NOT,,/u/chrismetcalf
K1NRO,,/u/K1NRO
K1NZ,K1NZ,/u/nickenzi
K1PPL,,/u/Pplude
K1PPP,,/u/K1PPP
K1RID,,/u/eridolfi
K1RKX,k1rkx,/u/K1RKX
K1SON,,/u/rogijero
K1SWR,K1SWR,
K1TEC,,/u/toddc76
K1TSN,,/u/theiKitsune
K1WDY,K1WDY,/u/K1WDY
K1ZED,,/u/penterwast
K2AOH,,/u/K2AOH
K2BEW,,/u/k2bew
K2CCW,,/u/RobotsAndLasers
K2CHA,,/u/JeremyChase
K2COP,k2cop,
K2DBK,,/u/dkozinn
K2DSL,,/u/GeekNJ
K2FIN,,/u/jkstark
K2FR,,/u/K2FR
K2GAD,,/u/LordGAD
K2GFM,,/u/gmarch
K2GT,,/u/k2gt
K2GW,,/u/k2gw
K2JEB,,/u/Bro-Science
K2JPK,,/u/Kazz330
K2KAT,,/u/kotaKat
K2KHA,,/u/kenallen09
K2MAX,,/u/K2MAX
K2MRQ,,/u/MattRichardson
K2MTS,,/u/mstyne
K2NCC,,/u/k2ncc
K2NP,,/u/tebrown
K2OOI,,/u/seaboardist
K2PZL,,/u/pzl
K2RNI,,/u/K2RNI
K2RWF,,/u/fizz306
K2SWG,,/u/Samg381
K2TU,,/u/K2TU
K2TY,,/u/K2TY
K2USA,,/u/n2mo
K2VHF,,/u/furntree
K2WAW,,/u/SomeDudeInGermany
K2YMU,,/u/donzzzzz
K3ACM,,/u/K3ACM
K3AEA,,/u/aera
K3CEM,,/u/fourteen27
K3CPU,,/u/ITSecDuder
K3CXG,,/u/K3CXG
K3JMW,,/u/guerochuleta
K3JXV,,/u/coffeefueled
K3LER,,/u/jdkpdx
K3LSY,,/u/K3LSY_Ham
K3MCB,,/u/K3MCB
K3MTX,,/u/Sporkin
K3QS,,/u/quadband
K3YLE,,/u/kyleyankan
K4ANM,,/u/regreddit
K4BGL,,/u/Greg_L
K4BN,,/u/Hookupman
K4CDN,,/u/K4CDN
K4DBZ,,/u/mumrah
K4DJM,,/u/speleo_don
K4DSP,,/u/k4dsp
K4EFG,,/u/kerneldashiki
K4FMH,,/u/K4FMH
K4GCS,,/u/themicahmachine
K4GRN,,/u/greenrangertp
K4HCK,,/u/K4HCK
K4IMW,,/u/imroot
K4IZ,,/u/detrickm
K4KPW,K4KPW,/u/ewood87
K4MI,,/u/williejh
K4NHA,,/u/K4NHA
K4NYA,,/u/captain_slack
K4OFW,,/u/slofunk
K4OSS,,/u/TheBellSystem
K4RAE,,/u/mtinker
K4TJL,,/u/tobashadow
K4VD,,/u/kkinderen
K4WHO,,/u/K4WHO
K4XDJ,,/u/djd565
K5ACL,,/u/k5acl
K5AFK,,/u/TheDudeInHTX
K5BLX,K5BLX,/u/puppeto
K5BMT,,/u/brocktice
K5CLM,,/u/k5clm
K5DE,,/u/RickLRMS
K5EDG,,/u/TheBlackLab214
K5EHX,,/u/jenkstom
K5EM,,/u/k5em
K5HTB,,/u/K5HTB
K5HUM,,/u/K5HUM
K5IT,,/u/gorkish
K5JGP,,/u/pyrogerg
K5KAC,,/u/K5KAC
K5KDT,,/u/K5KDT
K5KMM,,/u/miketuesday
K5KNK,,/u/fmephit
K5KTF,,/u/K5KTF
K5KVN,,/u/K5KVN
K5MRL,,/u/mrlindstrom
K5NRD,,/u/aceat64
K5PO,,/u/K5PO
K5STM,,/u/vashtyler
K5SYN,,/u/SynMonger
K5TMT,K5TMT,/u/sa513
K5UNX,,/u/k5unx
K5URU,K5URU,/u/K5URU
K5VLA,,/u/travelinmatt76
K5WL,,/u/hobbycollector
K5ZEK,,/u/Geojour
K6ALF,,/u/k6alf
K6AQ,,/u/tmiw
K6AUS,,/u/k6aus
K6BBQ,,/u/RandomRem
K6BBY,,/u/kwhubby
K6BCT,,/u/HAR1F
K6BEZ,,/u/HamilyGuy
K6BN,,/u/BravoNovember
K6BSD,,/u/RealDeuce
K6BSO,,/u/k6bso
K6CPO,,/u/K6CPO
K6CRJ,,/u/Nikpounder
K6EGV,,/u/Blue0ctober
K6FTZ,,/u/mfitzhugh
K6GEC,,/u/gecampbell
K6LCM,,/u/k6lcm
K6LOR,,/u/k6lor
K6MJU,,/u/k6mju
K6OZY,,/u/Ozy311
K6PC,,/u/k6pc
K6PDG,,/u/K6PDG
K6TLR,,/u/k6tlr
K6UDA,,/u/K6uda
K6WAK,,/u/Blue_Dawg
K6XEN,,/u/xenith87
K6YRO,,/u/thatpragmaticlizard
K6YSM,,/u/mys_721tx
K6ZHS,k6zhs,
K6ZOO,,/u/k6zoo
K7ADD,k7add,/u/verygeeky
K7ADN,,/u/DemolitionDean
K7ATA,,/u/Obliterous
K7AWP,,/u/Fantaman25
K7CBO,,/u/Chknbone
K7DFZ,,/u/lrgmnky
K7DGF,,/u/LVDave
K7DXS,,/u/virtualdxs
K7FLE,,/u/tedder42
K7FOS,,/u/efosmark
K7IVO,,/u/mrdarthdan
K7JD,,/u/jdubner
K7KEZ,,/u/K7KEZ
K7KRA,,/u/mrfilbert
K7LAG,,/u/K7LAG
K7LEE,,/u/K7LEE
K7LEG,,/u/K7LEG
K7LMD,,/u/LD_in_MT
K7MGG,,/u/K7MGG
K7NRD,,/u/K7NRD
K7OPP,,/u/JPash
K7PH,,/u/Tryore
K7PMN,,/u/paneubert
K7PSC,,/u/spasticpoodle
K7TCP,,/u/_thekev
K7TDI,,/u/K7TDI
K7TFT,,/u/oneorzero
K7VAT,,/u/sam77
K7WXO,,/u/koschbosch
K7WXW,,/u/K7WXW
K7XPO,,/u/brien
K7YUF,,/u/yuffington
K7ZCZ,,/u/mikeblas
K8AMS,,/u/arkanozzle
K8BSL,,/u/blampen
K8CYG,,/u/CygnusTM
K8DAD,,/u/hcker2000
K8DJW,,/u/djmd808
K8DXB,,/u/afxzanac
K8GIZ,,/u/Gizmokid2005
K8LGO,,/u/LoneGhostOne
K8MD,,/u/rem1473
K8RVR,,/u/gilmore362
K8TEK,,/u/k8tek
K8VOX,,/u/k8vox
K8WTF,,/u/mattopia1
K8WX,K8WX,
K8ZDL,,/u/TypicalTyrian
K9ABX,,/u/K9ABX
K9AWF,,/u/tomagig
K9BLD,,/u/k9bld
K9BUK,k9buk,/u/xenoxaos
K9CQ,,/u/K9CQ
K9GJD,,/u/gdothard
K9HAX,,/u/indrora
K9JDO,,/u/K9JDO
K9JIZ,,/u/K9JIZ
K9KD,,/u/The_Mighty_Jagrafess
K9KTR,,/u/Geek_Verve
K9LPK,,/u/K9LPK
K9LUP,,/u/bites
K9MJA,,/u/K9MJA
K9OPQ,,/u/akraut
K9OWO,,/u/007ghg7
K9SAT,,/u/CaptinKirk
K9SHEP,,/u/K9Shep
K9VNR,,/u/carmexjoe
K9ZAL,,/u/lostchicken
K9ZAZ,,/u/bobbyj_chard
KA0S,,/u/mmdoogie
KA0ZZU,,/u/steen73
KA1DBE,,/u/KA1DBE
KA1NTG,,/u/tmburke
KA1TY,,/u/Tymanthius
KA2COP,,/u/ka2cop
KA2CZU,,/u/ka2czu
KA2PBT,,/u/pabut
KA3BQE,,/u/aspexin
KA4AKQ,,/u/cbiow
KA4SON,,/u/BaronOBeanDip
KA4UUF,,/u/KA4UUF
KA5D,,/u/skillet256
KA5PLE,,/u/RudolphDiesel
KA6RTL,,/u/pokesomi
KA8I,,/u/ka8i
KA8JBY,,/u/rasteenb
KA8SAW,,/u/Spiritdad
KA8VIT,,/u/KA8VIT
KA9UCN,,/u/ka9ucn
KB0ATG,,/u/pigsicle
KB0LZU,,/u/SiliconLovechild
KB0RNN,,/u/chuck221
KB0VER,,/u/seanmnaes
KB0YFN,,/u/WichMentz
KB1AZK,,/u/chrisgeleven
KB1CHU,,/u/kb1chu
KB1FIG,,/u/Digipete
KB1HQS,,/u/KB1HQS
KB1JCY,,/u/dperry1973
KB1JLW,,/u/djhash
KB1JOV,,/u/Ryntai
KB1KGW,,/u/axiak
KB1LQD,,/u/kb1lqd
KB1MWW,,/u/spacecow20
KB1MXJ,,/u/tchebb
KB1OTB,,/u/Admiral_Nopeton
KB1QHX,,/u/nnvpears
KB1QKF,,/u/gigabrain
KB1RMA,,/u/KB1RMA
KB1SVI,,/u/TrueDuality
KB1SXT,,/u/naitsabes
KB1TCI,,/u/The_Stargazer
KB1TCR,,/u/bellemarematt
KB1UMF,,/u/TopNot
KB1UQH,,/u/smd75jr
KB1VBN,,/u/okeefm
KB1VNC,,/u/replambe
KB1VWZ,,/u/themaflyguy
KB1WCD,,/u/CyrilsScribe
KB1WDW,,/u/kb1wdw
KB1WKI,,/u/BlackCow
KB1WMC,,/u/KB1WMC
KB1WOH,,/u/Bullworm562
KB1YLT,,/u/keepinthatempo
KB1ZAH,,/u/krakissi
KB1ZXS,,/u/greasetrapSp04
KB2MOB,,/u/kb2mob
KB2NEA,,/u/fongaboo
KB2USN,kb2usn,
KB3CDA,,/u/uber-geek
KB3DFZ,,/u/soawesomejohn
KB3GTN,,/u/kb3gtn
KB3HTS,,/u/Andromeda321
KB3MIX,,/u/allscan
KB3MUL,,/u/kb3mul
KB3OCF,,/u/icmackenzie
KB3PEV,,/u/kb3pev
KB3PXR,,/u/kb3pxr
KB3QKN,,/u/kust0m
KB3QLO,,/u/KB3QLO
KB3QOO,,/u/Jonathan924
KB3SDS,,/u/sp00nix
KB3TCZ,,/u/StrappedDuck
KB3TEI,,/u/doubleD
KB3TZD,,/u/L33tphreak
KB3UBW,,/u/KB3UBW
KB3UVR,,/u/vanguardfelix
KB3UYI,,/u/jhpruitt
KB3VFE,,/u/Extras
KB3VQT,,/u/KB3VQT
KB3WFZ,,/u/KalenXI
KB3WTR,,/u/kb3wtr
KB3YEF,,/u/sartfm
KB3YLE,,/u/hackedtobits
KB3YTJ,,/u/KB3YTJ
KB3ZAB,,/u/iChamrajnagar
KB3ZBQ,,/u/vxsarin
KB3ZKE,,/u/r3j2
KB3ZTR,,/u/nickledime
KB3ZWI,,/u/KB3ZWI
KB4MBS,,/u/mattbsheets
KB4OID,,/u/kodetroll
KB4QPV,,/u/FlyByPC
KB4RU,,/u/RSQCali
KB4ZGU,,/u/KB4ZGU
KB5PRZ,,/u/kb5prz
KB5WCK,,/u/kb5wck
KB6FJ,,/u/Opg4759
KB6RLB,,/u/KB6RLB
KB7BTO,,/u/Pnwradar
KB7GFE,,/u/Kermee
KB7NMU,,/u/DragonBard_com
KB7QOA,,/u/JJHall_ID
KB8LOG,,/u/Garraty47
KB8M,,/u/KB8M
KB8SGL,,/u/memorex1150
KB8THC,,/u/ayago
KB8WZI,,/u/agtwork
KB9AZZ,,/u/KB9AZZ
KB9BIB,,/u/RiderMayBail
KB9BVN,,/u/KB9BVN
KB9IQK,,/u/rooster92
KB9JHU,,/u/cshields22
KB9KRO,,/u/bionic80
KB9LTJ,,/u/KB9LTJ
KB9MBN,,/u/KB9MBN
KB9MWR,,/u/kb9mwr
KB9PYH,,/u/elginkevin
KB9UDR,,/u/-Malkor-
KB9VBR,,/u/kb9vbr
KB9WCS,,/u/Kb9wcs
KB9WUV,,/u/kb9wuv
KC0BKR,,/u/KC0BKR
KC0BS,,/u/shortbri
KC0CAB,,/u/cymor
KC0CLY,,/u/vladthor
KC0DCP,,/u/mp-mn
KC0FQO,,/u/Juno_Malone
KC0FWG,,/u/Cyanidetransistor
KC0LL,,/u/kc0ll
KC0LOU,,/u/vautee
KC0NLH,,/u/kc0nlh
KC0OKN,,/u/kc0okn
KC0OYU,,/u/mharriger
KC0PCQ,,/u/jerkyjones
KC0PLG,,/u/kc0plg
KC0SZW,,/u/j-random
KC0TKH,,/u/semanticdm
KC0UDT,,/u/zeryl
KC0VRV,,/u/wogggieee
KC0YDZ,,/u/penguain
KC0ZMX,,/u/kc0zmx
KC1ABL,,/u/sk_leb
KC1ACY,,/u/pquimby
KC1AEI,,/u/KC1AEI
KC1AKW,,/u/IamNabil
KC1AMN,,/u/OneWithWaves
KC1ANM,,/u/kc1anm
KC1AYE,,/u/billybobwillyt
KC1AYW,,/u/freelancezero
KC1BGO,,/u/emusan
KC1BOS,,/u/Wilfenite
KC1BTV,,/u/itsnotapt
KC1BYE,,/u/States_Rights
KC1COP,,/u/lithium_bromide
KC1CP,,/u/KC1CP
KC1CQS,,/u/codewolf
KC1CWF,,/u/KC1CWF
KC1CXX,,/u/thisaccountbemine
KC1DHG,,/u/musashisamurai
KC1DHK,,/u/wontonraider
KC1DLV,,/u/seaboardist
KC1DMK,,/u/redsparks
KC1DOR,,/u/AsphaltBellyflop
KC1DPH,,/u/hurstshifter7
KC1DPM,,/u/schlottmachine
KC1DPT,,/u/An_Awesome_Name
KC1DUN,,/u/Redd430
KC1EDA,,/u/paulacrock
KC1EDL,,/u/bastinka
KC1EFE,,/u/Casper52250
KC1EPZ,,/u/TheRiverRunsRed
KC1ERP,,/u/rainbownapkin
KC1FAJ,,/u/KC1FAJ
KC1FDG,,/u/lukepighetti
KC1FEF,,/u/KC1FEF
KC1FKA,,/u/audioHack
KC1FLG,,/u/KC1FLG
KC1FNL,,/u/haskellcategory
KC1FOG,,/u/Yavimaya401
KC1GAM,,/u/jrcollin138
KC1GCZ,,/u/Electro_Dynamic
KC1GES,,/u/famoushamsandwich
KC1GLD,,/u/FluffyPillow556
KC1GPA,,/u/dentedcan
KC1GPS,,/u/jwelgan
KC1GWQ,,/u/patrck269
KC1HEE,,/u/FriendlyITGuy
KC1HXT,,/u/autistic_psycho
KC1IEG,,/u/MCPE-god
KC1PUG,,/u/muffinmanzappa
KC1WRX,,/u/KC1WRX
KC2AEI,,/u/vees
KC2ASA,,/u/headp
KC2BBT,,/u/iangoround
KC2DXE,,/u/Xoder
KC2ELS,,/u/mathuin2
KC2IDF,,/u/Phreakiture
KC2JVE,,/u/WoodJRx
KC2KVY,,/u/naloxone
KC2LTO,,/u/litmaj0r
KC2NEO,,/u/sean808080
KC2PPI,,/u/Seagrave63
KC2QCY,,/u/foghorn5950
KC2QNM,,/u/KC2QNM
KC2QVY,,/u/bennettj1087
KC2RGW,,/u/kingsqueak
KC2SHO,,/u/Teknishun
KC2SIZ,,/u/KC2SIZ
KC2SJT,,/u/KC2SJT
KC2SQB,,/u/Inocain
KC2SQI,,/u/KC2SQI
KC2SST,,/u/Chucklz
KC2SYK,,/u/kc2syk
KC2TCK,,/u/tommasz
KC2TCQ,,/u/munterhitch
KC2TTI,,/u/johnjay
KC2TXO,,/u/erk71
KC2UEZ,,/u/r00t69
KC2UGV,,/u/PSkeptic
KC2ULR,,/u/KC2ULR
KC2VIC,KC2VIC,/u/KC2VIC
KC2VON,,/u/tonynaia
KC2VSP,,/u/YamBagSupreme
KC2VVD,,/u/berticus
KC2VXR,,/u/JikWaffleson
KC2YBD,,/u/KC2YBD
KC2YYW,,/u/cyberkni
KC2ZIU,,/u/KC2ZIU
KC2ZZQ,,/u/electric_mouse
KC3AGU,,/u/crossfireprod
KC3AKD,,/u/KC3AKD
KC3AKY,,/u/KC3AKY
KC3ASF,,/u/earcaraxe
KC3BNJ,,/u/dawiseguy98
KC3BOR,,/u/malenkylizards
KC3BWA,,/u/rocketcoder
KC3CEK,,/u/petirosa
KC3CRU,,/u/KC3CRU
KC3CTT,,/u/KC3CTT
KC3CVN,,/u/kc3cvn
KC3DDN,,/u/BKmaster2580
KC3DFR,,/u/James200319
KC3DIH,,/u/CrazyMarine33
KC3EDW,,/u/whitefalcon684
KC3EHC,,/u/themightyjoedanger
KC3ELA,,/u/whatsareddit12
KC3ERJ,,/u/kc3erj
KC3EYJ,,/u/TechnicRogue
KC3EYP,,/u/kc3eyp
KC3FAJ,,/u/Fizzlefish
KC3FBC,,/u/strider_sifurowuh
KC3FCM,,/u/kc3fcm
KC3FCP,,/u/KC3FCP
KC3FCQ,,/u/KC3FCQ
KC3FDL,,/u/kc3fdl
KC3FFM,,/u/mondaynightsucked
KC3FFS,,/u/elbel86
KC3FIA,,/u/csbingel
KC3FSX,,/u/kc3fsx
KC3FXU,,/u/KC3FXU
KC3GGF,,/u/Sporkin
KC3GUZ,,/u/neilenzukit
KC3HEU,,/u/pmormr
KC3HKT,,/u/MadMennonite
KC3HPS,,/u/bearda
KC3HTW,,/u/KC3HTW
KC3ICT,,/u/darkbug
KC3IJL,,/u/butric
KC3ILA,,/u/orwhaleca
KC3IPL,,/u/dagbiker
KC3IQQ,,/u/KC3IQQ
KC3JGC,,/u/KC3JGC
KC3JTH,,/u/KC3JTH
KC3JVH,,/u/tomswartz07
KC3JYK,KC3JYK,/u/lantech19446
KC3KCP,,/u/Son_Of_A_Diddley
KC3KCQ,,/u/KC3KCQ
KC3KGI,,/u/EnderScout_77
KC3KOX,,/u/mikemchenry
KC3RE,,/u/kc3re
KC4FOX,,/u/kc4fox
KC4K,KC4K,/u/viertaxa
KC4UCT,,/u/MrCyan2112
KC4UMO,,/u/kc4umo
KC4YLV,KC4YLV,
KC4YYY,,/u/ps02210
KC5AV,,/u/kc5av
KC5DQN,,/u/thatsnotgneiss
KC5FM,,/u/kc5fm
KC5GKM,,/u/kc5gkm
KC5HHQ,,/u/crypy
KC5HWB,,/u/kc5hwb
KC5HYY,,/u/xhozt
KC5KBQ,,/u/kc5kbq
KC5ONZ,,/u/butchseaman
KC5UZD,,/u/kc5uzd
KC6FYL,,/u/passthejoe
KC7AAD,,/u/kc7aad
KC7BEY,,/u/KC7BEY
KC7I,,/u/kc7i
KC7IPY,,/u/azlyle
KC7MEY,,/u/kc7mey
KC7NEC,,/u/newbergman
KC7SQK,,/u/nsandver
KC7TWW,,/u/avgguytech
KC7VWQ,,/u/mrfilbert
KC8ERI,,/u/PulledOverAgain
KC8ERL,,/u/PulledOverAgain
KC8HZM,,/u/mbeels
KC8III,,/u/stwcx
KC8QJR,,/u/wanderingbilby
KC8RPE,,/u/thewizardofdon
KC8RQB,,/u/bahnfire
KC8SBV,,/u/kc8sbv
KC8SQC,,/u/aristotle23
KC8SVB,,/u/KC8SVB
KC8UWJ,,/u/kc8uwj
KC8YRV,,/u/nathanm412
KC9ATJ,,/u/Kc9atj
KC9BWP,,/u/KC9BWP
KC9CHL,KC9CHL,/u/greenguy1090
KC9CTK,,/u/bbene
KC9CUK,,/u/kc9cuk
KC9DAE,,/u/dickbuttzz
KC9EEE,,/u/KC9EEE
KC9GPJ,,/u/kc9gpj
KC9GWU,,/u/veoeluz
KC9INE,,/u/blechlit
KC9JLG,,/u/iguessthislldo
KC9JOC,,/u/tbot2112
KC9KHT,,/u/array_repairman
KC9LVT,,/u/kc9lvt
KC9LXT,,/u/Redzapdos
KC9MHE,,/u/kc9mhe
KC9MNE,,/u/KC9MNE
KC9MUL,,/u/CoolgyFurlough
KC9PKE,,/u/celestisdiabolus
KC9QNC,,/u/musjunk22
KC9QOJ,,/u/WWTSound
KC9QOM,,/u/jadecristal
KC9RQT,,/u/reallyquietturtle
KC9SJV,,/u/gomexz
KC9SYT,,/u/soaringsky
KC9SZA,,/u/endwin
KC9TDD,,/u/boelkw
KC9TFD,,/u/KC9TFD
KC9TNQ,,/u/GLneo
KC9TPA,,/u/ratcap
KC9TSF,,/u/Nerevarine92
KC9TTL,,/u/Quartinus
KC9TZL,,/u/jh0n
KC9UMR,,/u/kc9umr
KC9UNS,,/u/nebben11
KC9UPF,,/u/Qualvin
KC9UYS,,/u/sarcasimo
KC9VBC,,/u/aphiv
KC9VDL,,/u/ngharo
KC9VPW,,/u/DarwishSabirGani
KC9WLB,,/u/uid_zero
KC9WLZ,,/u/tibbs90
KC9YDN,,/u/totalsecond
KC9YFI,,/u/kc9yfi
KC9YOD,,/u/drepamig
KC9ZDA,,/u/kc9zda
KC9ZHS,,/u/xingped
KC9ZHV,,/u/lorentedford
KC9ZJI,,/u/Buss1000
KC9ZNJ,,/u/codemonkey4357
KC9ZOW,,/u/SirSkidmore
KC9ZQW,,/u/E1219
KC9ZRV,,/u/3579
KC9ZXK,,/u/kondoorwork
KC9ZYZ,,/u/noosemoose
KD0AMG,,/u/east_lisp_junk
KD0ARN,,/u/KD0ARN
KD0CQ,,/u/The_Real_Catseye
KD0DLA,,/u/umenthum
KD0DTQ,,/u/gamer_at_law
KD0ETH,KD0ETH,/u/macdude22
KD0FNR,,/u/dolphus
KD0FZT,,/u/eaphilipp
KD0IOE,,/u/lurch89
KD0IQX,,/u/CmickB
KD0JLN,,/u/r3dw0rm
KD0JZX,,/u/Cjaiceman
KD0KIQ,,/u/thecolemanguy
KD0KTT,,/u/Tuerai
KD0LIX,,/u/rsaxvc
KD0LOS,,/u/KD0LOS
KD0MEQ,,/u/WinfieldMike
KD0MJJ,,/u/KD0MJJ
KD0MUD,,/u/isajeep
KD0MXN,,/u/hyp3rdriv3
KD0NNB,,/u/KD0NNB
KD0NRC,,/u/kd0nrc
KD0NVX,,/u/technotite
KD0OKQ,,/u/energon5
KD0ONM,,/u/emkay586
KD0OTS,,/u/phidauex
KD0OYR,,/u/KD0OYR
KD0PIO,,/u/jecxjo
KD0POT,,/u/EbilSmurfs
KD0RGD,,/u/Digital_Warrior
KD0RUX,,/u/KD0RUX
KD0SHK,,/u/kd0shk
KD0SJL,,/u/KrackerJuice
KD0SKH,,/u/Somni0
KD0SRH,,/u/robot_mower_guy
KD0SZT,,/u/KD0SZT
KD0TFP,,/u/Galen_dp
KD0TLS,,/u/KD0TLS
KD0TSA,,/u/kd0tsa
KD0TWT,,/u/KD0TWT
KD0TXO,,/u/dfbarnes
KD0UKK,,/u/MrIncrediblest
KD0VJP,,/u/vizualizr
KD0VOL,,/u/dreadycuban
KD0VRB,,/u/jawinterton
KD0VV,,/u/the_flynn
KD0WDV,,/u/chpwssn
KD0WGE,,/u/PhotonicMagnets
KD0WJQ,,/u/kevarh
KD0WJT,,/u/CBJamo
KD0WTO,,/u/jimmahh
KD0YEB,,/u/Mikashuki
KD0YFJ,,/u/MHKid
KD0YFX,,/u/aprupp
KD0YUK,,/u/KD0YUK
KD0YVV,,/u/IThinkOfCrime
KD0ZEF,,/u/BlackOutGaming319
KD0ZLG,,/u/KD0ZLG
KD0ZNR,,/u/phantomlightnes
KD0ZQE,,/u/Jebess
KD1LDO,KD1LDO,
KD2AOF,,/u/the1drall
KD2AOY,,/u/thatritguy
KD2AVV,,/u/redux42
KD2AXZ,,/u/kd2axz
KD2BII,,/u/Drowningsucks
KD2BMH,,/u/KD2BMH
KD2BRP,,/u/NotFranzKafka
KD2BSG,,/u/Charles148
KD2CDE,,/u/dwfreed
KD2CNQ,,/u/KD2CNQ
KD2CTO,,/u/D0ctorrWatts
KD2CWM,,/u/kd2cwm
KD2CXU,,/u/TheBullfrog89
KD2DAS,,/u/Kazz330
KD2DCO,,/u/citybadger
KD2DPN,,/u/iuhazarda
KD2DQY,,/u/Almighty_One
KD2EE,,/u/Mavrande
KD2EUU,,/u/MervBurger
KD2FIE,,/u/alexdaley
KD2FJB,,/u/accents
KD2FLO,,/u/afischer15
KD2FPN,,/u/victormilf
KD2FTX,,/u/Jacob_Henner
KD2FZQ,,/u/nasaldischarges
KD2GBE,,/u/poolecl
KD2GCU,,/u/austinplaneboy
KD2GNI,,/u/harshadsharma
KD2GPA,,/u/KD2GPA
KD2GSW,,/u/Cacciatore4
KD2GTM,,/u/tibsar
KD2HDN,,/u/gotennamatt
KD2HEK,,/u/phy5ics
KD2HFZ,,/u/sparepartsjr
KD2HLE,KD2HLE,/u/obertwood
KD2HRW,,/u/Karlogic
KD2HZA,,/u/sadoldgradstudent
KD2HZE,,/u/SnipeClan
KD2IIA,,/u/Pays_in_snakes
KD2ILT,,/u/dcli
KD2IMR,,/u/514senica
KD2IQH,,/u/kotaKat
KD2ITT,,/u/KD2ITT
KD2IUA,kd2iua,
KD2IWW,KD2IWW,
KD2IXC,,/u/doctaweeks
KD2IXJ,,/u/KD2IXJ
KD2IXL,,/u/KD2IXL
KD2IXN,,/u/sheerfire96
KD2IZW,,/u/techkid6
KD2JAG,,/u/KD2JAG
KD2JCB,,/u/33554432
KD2JCJ,,/u/davidhoelzer
KD2JMU,,/u/east_village_idiot
KD2JQI,,/u/fourteen27
KD2JRK,,/u/camocolton87
KD2JRT,KD2JRT,/u/NCommander
KD2KDG,,/u/waterlubber42
KD2KDV,,/u/KD2KDV
KD2KPL,,/u/nmcny
KD2LHG,,/u/kirkthebun
KD2LNP,,/u/zeroblitzt
KD2LWH,,/u/MeatballNYC
KD2MHU,,/u/SymBiioTE
KD2MPP,,/u/xaccxif
KD2MRG,,/u/azzeloof
KD2MZH,,/u/wf46-10f
KD2NFJ,,/u/KD2NFJ
KD2NGL,,/u/EnderStiles
KD2NJD,,/u/Poppamunz
KD2NOM,,/u/msteele999
KD2NYT,,/u/CounterfeitCactus
KD2OAH,,/u/NewHamWhoDis
KD2OAT,,/u/teaganofthelizards
KD2ODH,,/u/spacemew
KD2OFU,,/u/Tomytom99
KD2OPQ,,/u/Schvaggenheim
KD2OTX,,/u/TROPiCALRUBi
KD2OUO,KD2OUO,/u/bertreynolds
KD2OXU,kd2oxu,/u/hobbified
KD2PAP,,/u/xXCodfishXx
KD3GO,,/u/kd3go
KD4ZDS,,/u/algrym
KD5EDY,,/u/allomanticpush
KD5FTN,,/u/RadioNick
KD5HME,,/u/carpmanvptr
KD5JBK,,/u/kd5jbk
KD5LCT,,/u/kd5lct
KD5LPB,,/u/minorsecond
KD5NJR,,/u/kd5njr
KD5NWH,,/u/KD5NWH
KD5PX,,/u/AnotherAgingGeek
KD5QLN,,/u/nikropht
KD5RKO,,/u/KD5RKO
KD5TGS,,/u/Aperture_Kubi
KD5VMO,,/u/kd5vmo
KD5WCX,,/u/Delicious_Lunch
KD5YXS,,/u/XamiRozar
KD5ZEN,,/u/quadband
KD5ZEX,,/u/kd5zex
KD5ZKX,KD5ZKX,
KD6JSP,,/u/tejano714
KD6ZJZ,,/u/kd6zjz
KD7ALJ,,/u/bravenewgirl85
KD7BBC,HamStudy_org,/u/taxilian
KD7CTV,,/u/yamiinterested
KD7DEY,KD7DEY,/u/monkey1911
KD7DMP,,/u/KD7DMP
KD7FDU,,/u/forgotpassword69
KD7KUJ,,/u/kd7kuj
KD7LCQ,,/u/rcottle86
KD7MRJ,,/u/alicht9
KD7RYW,,/u/deathsockies
KD7RZV,,/u/kd7rzv
KD7TKJ,,/u/KD7TKJ
KD7UIY,,/u/kd7uiy
KD7VDB,,/u/bombidragon
KD7VYQ,,/u/Andernerd
KD7WRC,,/u/kd7wrc
KD8AJL,,/u/KD8AJL
KD8AQZ,,/u/kd8aqz
KD8ASA,,/u/jdogherman
KD8BGL,,/u/HotRodSam91
KD8BIW,,/u/kd8biw
KD8BTO,,/u/kd8bto
KD8BWO,,/u/dustinchilson
KD8CUN,,/u/KD8CUN
KD8DRX,,/u/kd8drx
KD8DVY,,/u/Kd8dvy
KD8FRE,,/u/tfmm
KD8GDO,,/u/Kanibis
KD8GRC,,/u/jajakes
KD8JJH,,/u/FortunaExSanguine
KD8JQS,,/u/w0lrah
KD8JQU,,/u/kenevans71
KD8KXK,,/u/bhtooefr
KD8LAG,,/u/mikkxx
KD8LDX,,/u/Landholder
KD8LVZ,,/u/etherfish
KD8MBN,,/u/Ohio_Dad
KD8MZJ,,/u/mikedom722
KD8ORQ,,/u/skord
KD8OSD,,/u/KD8OSD
KD8PIJ,,/u/KD8PIJ
KD8PNV,,/u/kd8pnv
KD8PRT,,/u/CTDH
KD8PZU,,/u/Kealper
KD8QDZ,,/u/kd8qdz
KD8QGA,,/u/Kd8qga
KD8QJZ,,/u/KD8QJZ
KD8QLN,,/u/Rudy_Wallachi
KD8QPQ,,/u/capn_slendy
KD8RFC,,/u/lehthanis
KD8RGP,,/u/supereater14
KD8RKE,,/u/KD8RKE
KD8RML,,/u/kd8rml
KD8RTT,,/u/milluza1
KD8SCK,,/u/spwelton
KD8SEP,,/u/thals1992
KD8SYF,,/u/jspike397
KD8SYN,,/u/ZureaL
KD8TDF,,/u/normaldotcom
KD8TJH,,/u/hardolaf
KD8TJI,,/u/vulcant
KD8TMY,,/u/baloony
KD8TUL,,/u/kd8tul
KD8TVG,,/u/screamingnaked
KD8TWG,kd8twg,/u/awyeah2
KD8VEN,,/u/arcook
KD8VIW,,/u/thejustchad
KD8VNB,,/u/yoshamano
KD8VPF,,/u/KD8VPF
KD8VYV,,/u/legitimatemustard
KD8VYX,,/u/xd1936
KD8WCR,,/u/grokjtrip
KD8WGH,,/u/KD8WGH
KD8WKW,,/u/Antiquus
KD8WPI,,/u/rem1473
KD8WTY,,/u/ilovecigars
KD8WZS,,/u/KD8WZS
KD8YKB,,/u/frozenbobo
KD8YQH,,/u/pernicat
KD8YSK,,/u/Hypothesising_Null
KD8YWZ,,/u/jmccabe871
KD8ZAT,,/u/KD8ZAT
KD8ZHB,,/u/RADAR-MAN
KD8ZMM,,/u/tylerwatt12
KD8ZQY,,/u/lol_sup
KD8ZUW,,/u/KD8ZUW
KD8ZYB,,/u/Kallahan11
KD8ZZT,,/u/scarter626
KD9A,,/u/Sycho123321
KD9ADV,,/u/m0j0j0_j0
KD9AHU,,/u/rlankenau
KD9AIH,,/u/43577
KD9AQR,,/u/majikchicken
KD9AUS,,/u/andrewbadera
KD9B,,/u/Himrin
KD9BDG,,/u/bobbyj_chard
KD9BFS,,/u/tannimkyraxx
KD9BKC,,/u/mathewpeterson
KD9BMY,,/u/kiwiapple87
KD9BRP,,/u/KD9BRP
KD9BTK,,/u/Do_Work_Son
KD9BTR,,/u/KD9BTR
KD9BUP,,/u/jcps
KD9BYX,,/u/fred_lowe
KD9CER,,/u/kd9cer
KD9CFD,,/u/PurduePaul
KD9CHO,,/u/vespaholic
KD9CQP,,/u/lynxkcg
KD9CRB,,/u/asciirider
KD9CSA,,/u/KD9CSA
KD9DAA,,/u/PhantomLord9925
KD9DAL,,/u/Fohdeesha
KD9DEV,,/u/dev5994
KD9DLS,,/u/themann00
KD9DOK,,/u/pgrimm92
KD9DUX,,/u/kd9dux
KD9DWM,,/u/Stamplets
KD9EAS,,/u/KD9EAS
KD9ECO,,/u/tuoder
KD9EFQ,,/u/mrsmith1956
KD9EGP,,/u/wandering_denna
KD9EII,,/u/kd9eii
KD9EVJ,,/u/hlangley1996
KD9FND,,/u/echo465
KD9FRS,,/u/ceeller
KD9FUG,,/u/zackplanet42
KD9FWT,,/u/Orionid
KD9GPD,,/u/Recycledfetus
KD9GSO,,/u/ElectricPirate
KD9GUT,,/u/dickbuttzz
KD9HAR,,/u/dev5994
KD9HIX,,/u/wolfgangmob
KD9HLI,,/u/KD9HLI
KD9HNR,,/u/MHerboth
KD9HNT,,/u/KD9HNT
KD9HQP,,/u/kd9hqp
KD9HVV,,/u/ShrikeWolf
KD9IHW,,/u/bblraakueer
KD9IMD,N1AAE,/u/KD9IMD
KD9IMY,,/u/badger262
KD9JLV,,/u/quietglow
KD9JNQ,,/u/KD9JNQ
KD9JOA,,/u/swooshcmk
KD9JQV,,/u/jlewsader
KD9KCP,,/u/MassiveBeard
KD9PAN,,/u/DiscoPanda84
KD9WTF,,/u/MassiveBeard
KE0ADK,,/u/KE0ADK
KE0AGZ,,/u/iamthechad
KE0ANU,,/u/kromberg
KE0AYJ,,/u/KE0AYJ
KE0BIU,,/u/KE0BIU
KE0BKQ,,/u/ham4ham
KE0BLL,,/u/flickerfly
KE0BQA,,/u/KE0BQA
KE0BUI,,/u/superalpine
KE0BUO,,/u/somethinguni
KE0BVT,,/u/KE0BVT
KE0CCI,,/u/megachilimac
KE0CFI,,/u/bulbajackel1
KE0CHY,,/u/robbyb2
KE0CIU,,/u/sonicboi
KE0CML,,/u/thejakenixon
KE0CPG,,/u/awaytome
KE0CXD,,/u/taki314
KE0DAJ,,/u/KE0DAJ
KE0DBB,,/u/ke0dbb
KE0DBJ,,/u/KE0DBJ
KE0DDV,,/u/jarec707
KE0DGN,k30dgn,/u/jaketh0
KE0DID,,/u/Gullex
KE0DLX,,/u/_Bitwise_
KE0DZE,,/u/sww1235
KE0EEY,,/u/MostlyStoned
KE0EHK,,/u/KE0EHK
KE0EMI,,/u/Vonmule
KE0ESC,,/u/shagzomatic
KE0EWX,,/u/moejike
KE0FAP,,/u/miker95
KE0FEW,,/u/A-Lav
KE0FXA,,/u/pin2hot
KE0GCR,,/u/Jonahbranovsky
KE0GEL,,/u/dwarvenhammer
KE0GMX,,/u/geeksta_dt
KE0GTB,,/u/tstehler1
KE0GUC,,/u/KE0GUC
KE0GWG,,/u/XFitJeDi
KE0GWU,,/u/eclipse75
KE0HXL,,/u/fwdobs
KE0IMD,,/u/KE0IMD
KE0IPF,,/u/vectorlabs
KE0JDW,,/u/ericman2001
KE0JPN,,/u/scumola
KE0JTI,,/u/bill037
KE0JVZ,,/u/LittleRedStar
KE0KHB,,/u/alexbeal
KE0KIA,,/u/Kittani77
KE0KIZ,,/u/Tilted_reality
KE0KJN,,/u/KE0KJN
KE0KJQ,KE0KJQ,
KE0KKM,,/u/Varimir
KE0LCS,,/u/ke0lcs
KE0LMX,,/u/tdoffing
KE0MHK,,/u/M402Japan
KE0MID,,/u/jaredharley
KE0MJB,,/u/lurkerversion2
KE0MLM,,/u/stopyourself
KE0MVN,,/u/ke0mvn
KE0NBI,,/u/MapHazard
KE0NPV,,/u/piper_at_dawn
KE0NRW,,/u/rooster-one4
KE0NVC,,/u/sunburstgl
KE0OBO,,/u/Demonfear92
KE0OCO,,/u/KE0OCO
KE0OFC,,/u/LunarNightShade
KE0OGG,,/u/ScootyPuff-Sr
KE0OVY,,/u/ThisGoesWithoutSayin
KE0PGO,,/u/KE0PGO
KE0QAA,,/u/KE0QAA
KE0QEY,,/u/zoydberg
KE1MO,,/u/funchords
KE2YK,,/u/ke2yk
KE4ADD,,/u/sirdarksoul
KE4AHR,,/u/catonic
KE4CLY,,/u/KE4CLY
KE4FOX,,/u/redxine
KE4HGR,,/u/nineteensixtyseven
KE4KE,,/u/ke4ke
KE4TON,,/u/hubblekeat
KE4YQD,,/u/alwayswrongagain
KE4ZNR,,/u/KE4ZNR
KE5ASZ,,/u/pmkleinp
KE5CPU,,/u/MericanCheese
KE5DPF,,/u/troyemcintosh
KE5EO,,/u/sasimpson
KE5EOT,,/u/KE5EOT
KE5HGQ,,/u/chuckpo
KE5HHG,,/u/mkosmo
KE5IKC,,/u/ke5ikc
KE5MKL,,/u/ke5mkl
KE5PTE,,/u/woodyallin
KE5QZM,,/u/Odie-san
KE5SNV,,/u/Wren-FROST
KE5VCH,,/u/informedvoice
KE5WZD,,/u/Moparman74114
KE5YOT,,/u/zencyl
KE6ANM,,/u/ke6anm
KE6HEP,KE6HEP,
KE6JJJ,,/u/ke6jjj
KE6MT,,/u/rexingtron
KE6NFO,,/u/dck47
KE6YDO,,/u/ke6ydo
KE7DUX,,/u/d3sl91
KE7EOV,,/u/macogle
KE7EWT,,/u/KE7EWT
KE7HPL,,/u/ke7hpl
KE7KPY,,/u/L3stan
KE7LBP,,/u/cadillaceldorado
KE7MAP,KE7MAP,
KE7NOR,,/u/electromage
KE7NUO,,/u/OrwellStonecipher
KE7OFI,,/u/ke7ofi
KE7OSN,,/u/Odysimus
KE7QLM,,/u/deinos
KE7RDR,,/u/kokoj2
KE7SNR,,/u/Swampdraws
KE7UOP,,/u/PC509
KE7WJT,,/u/mcspdx
KE7ZLY,,/u/fossum_13
KE8AAN,,/u/KE8AAN
KE8ABO,,/u/ke8abo
KE8AGA,,/u/Cookester
KE8AJC,,/u/arkanozzle
KE8AOK,,/u/q3w3e3
KE8ATC,,/u/myockey
KE8BPV,,/u/quadcore64
KE8BQZ,,/u/brzcory
KE8BRA,,/u/3CATTS
KE8BSL,,/u/RoadieRich
KE8BVI,,/u/Emulsifide
KE8CCV,,/u/KE8CCV
KE8CPE,,/u/djbartos93
KE8CZN,,/u/etbusch
KE8DAH,,/u/KE8DAH
KE8DGO,,/u/arrowflinger
KE8EAJ,,/u/KE8EAJ
KE8EOA,,/u/thekgb90
KE8ETI,,/u/KE8ETI
KE8EUA,,/u/speuleralert
KE8EZC,,/u/KE8EZC
KE8EZZ,,/u/troublemaker74
KE8FAB,,/u/MemeLovingLoser
KE8FLW,,/u/codedad
KE8FYF,,/u/jbrandt01
KE8GBF,,/u/yummypurplestuf
KE8HET,,/u/migit13
KE8HIM,,/u/Taco_Nights
KE8HNF,,/u/the_amaya
KE8HSU,,/u/65MercMan
KE8HVA,,/u/KE8HVA
KE8HYJ,,/u/LoneGhostOne
KE8ITR,,/u/icode2skrillex
KE8P,,/u/ac8jo
KE9FOX,,/u/Xianfox
KE9V,,/u/ke9v
KF2I,,/u/bab5871
KF3BX,,/u/elder65
KF4CHW,,/u/HealzFault
KF4DUN,,/u/GameMachineJames
KF4FYS,,/u/KF4FYS
KF4HZU,,/u/KF4HZU
KF4MDV,,/u/Matir
KF4VRO,,/u/KF4VRO
KF4WWA,,/u/FnMag
KF4YPD,,/u/kf4ypd
KF5BNN,,/u/blakedev
KF5CBP,,/u/sgtpepper55
KF5CNU,,/u/fdisk2053
KF5CZO,,/u/alteff4
KF5DWR,,/u/paxperscientiam
KF5IBA,,/u/cgillett
KF5IBN,,/u/ajford
KF5IUY,,/u/DaProf
KF5JOY,,/u/rturns
KF5KQJ,,/u/gwoplock
KF5MHT,,/u/froopyloot
KF5MWZ,,/u/txmoose
KF5MYS,,/u/Leofan7
KF5NDM,,/u/KF5NDM
KF5NDS,,/u/jaweeks
KF5NWA,,/u/F-Da-Police
KF5OBS,,/u/kF5OBS
KF5OIO,,/u/geeknik
KF5OKC,,/u/bibletoter
KF5PFU,,/u/ryanrfrederick
KF5PPB,,/u/TimeAgent8
KF5PTQ,,/u/dljames0001
KF5QIM,,/u/1dontpanic
KF5QVO,,/u/meekprize
KF5RIE,,/u/buzzardcheater
KF5ROO,,/u/cryptonomiciosis
KF5RUU,,/u/doodoobyscooby
KF5SAB,,/u/gorkish
KF5SMS,,/u/daisy055
KF5SOQ,,/u/krzysz00
KF5TGD,,/u/PyongyangJim
KF5UCV,,/u/IngenieroFurioso
KF5UVN,,/u/yjake7
KF5UVV,,/u/omgwtfbbq7
KF5VEA,,/u/lockzhere
KF5VEK,,/u/Ooshkii
KF5VZY,,/u/kf5vzy
KF5WAY,,/u/sasimpson
KF5WGF,,/u/mbilke
KF5WVJ,,/u/kf5wvj
KF5YPD,,/u/armlesshobo
KF5YQK,,/u/estebanperez
KF5YZJ,,/u/KF5YZJ
KF5ZFW,,/u/rock_vbrg
KF5ZHJ,,/u/kf5zhj
KF5ZLA,,/u/achancesw
KF5ZNR,,/u/rangemaster
KF5ZQE,,/u/nvahalik
KF5ZSK,,/u/RileyBaxter
KF5ZSV,,/u/sfeine
KF6NMZ,KF6NMZ,
KF6SKO,,/u/Nerdcentric
KF6TJR,,/u/zebadoba
KF6VCH,,/u/chilehead
KF7BFL,,/u/noahpugsley
KF7DUY,,/u/KF7DUY
KF7EGD,,/u/hobodan
KF7EHY,,/u/system37
KF7EQJ,,/u/kf7eqj
KF7IGN,,/u/KF7IGN
KF7KHE,,/u/ncc189
KF7KKR,,/u/sutherlandryan
KF7LZE,,/u/kf7lze
KF7OTX,,/u/beefhurricane
KF7PSC,,/u/nightfoam
KF7RAO,,/u/gigabyte898
KF7ROW,,/u/renfrowk
KF7SIY,,/u/PoppedButtercorn
KF7THZ,,/u/lostcosmonaut307
KF7TUP,,/u/ccbcc814
KF7TWV,,/u/ystwyth
KF7UJZ,,/u/nullpuppy
KF7ULV,,/u/mrdek11
KF7VGJ,,/u/vegasmacguy
KF7VZZ,,/u/dolo724
KF7WCK,,/u/Angelbabycakes69
KF7ZDE,,/u/kf7zde
KF8E,,/u/lol_sup
KF8IV,,/u/passing_gas
KG0MN,,/u/KG0MN
KG2BEE,,/u/kg2bee
KG4AIB,,/u/Compusmurf
KG4AKV,,/u/JBstrikesagain
KG4AWW,,/u/Gadav
KG4FMF,,/u/huslage
KG4IFR,,/u/pneradactyll
KG4NEL,,/u/Hifi_Hokie
KG4OXA,,/u/Varjohaltia
KG4RYZ,,/u/glennbob
KG4SGP,,/u/kg4sgp
KG4TIH,,/u/gpmidi
KG4WWN,,/u/whipped_honey
KG4YHR,,/u/kg4yhr
KG5BCX,,/u/karlthane
KG5BLO,,/u/KG5BLO
KG5BQW,,/u/C0unt_Z3r0
KG5BRM,,/u/abcleanonme
KG5BSY,,/u/KG5BSY
KG5BTB,,/u/Enatbyte
KG5CAH,,/u/ClusterWhoops
KG5CCX,,/u/AllPurposeGrunt
KG5COF,,/u/KG5COF
KG5CVA,,/u/tehshortbus
KG5CYY,,/u/MisterNetHead
KG5DNL,,/u/Corporal_Jester
KG5DVS,,/u/terminalmonky
KG5DYM,,/u/jag1917
KG5EDH,,/u/jags0333
KG5ELE,,/u/drew_m
KG5ENX,,/u/jdowpcs
KG5ERX,,/u/ZeoNet
KG5FHI,,/u/MKROBINSON
KG5FNR,,/u/singlended
KG5FOD,,/u/Micascisto
KG5FTU,,/u/KG5FTU
KG5GAV,,/u/Start_button
KG5GHW,,/u/p_norm
KG5HAT,,/u/thedudeintx82
KG5HAX,,/u/GotLost
KG5HEY,,/u/ducridefw
KG5HHC,,/u/edb_ok
KG5IDZ,,/u/Toy_D
KG5IMH,,/u/tristanseifert
KG5IWR,,/u/singaporetheory
KG5IXZ,,/u/indrora
KG5JKX,,/u/mire3212
KG5JNC,,/u/andrewthetechie
KG5JPG,,/u/kg5jpg
KG5JVF,,/u/kg5jvf
KG5JYA,,/u/TheAbominableSnowman
KG5KBP,KG5KBP_,
KG5KEY,,/u/KG5KEY
KG5LFT,,/u/crooks4hire
KG5LKO,,/u/KG5LKO
KG5LTX,,/u/KG5LTX
KG5LUK,,/u/ShatteringIce
KG5LVT,,/u/sa513
KG5LVX,,/u/mlkmaydn
KG5MFN,,/u/sleepypixels
KG5MLU,,/u/jkbrock
KG5MVK,,/u/StormTitanRider
KG5NIA,,/u/roastduckie
KG5NOX,,/u/Swordplay2612
KG5OHU,,/u/KG5OHU
KG5PQQ,,/u/m_cstilly
KG5PTC,,/u/2c0840e618f477785291
KG5PTP,,/u/quickquest88
KG5PXQ,,/u/FuuriusC
KG5QCF,,/u/pilotjustin
KG5QFA,,/u/willyt1229
KG5QVZ,,/u/Sauerkrause
KG5RDT,,/u/guerochuleta
KG5RJS,,/u/Remingtonh
KG5ROB,,/u/KG5ROB
KG5RQR,,/u/KG5RQR
KG5RTC,,/u/Hulahoopalicia
KG5RYO,,/u/Ooshkii
KG5SDD,,/u/KG5SDD
KG5SNA,,/u/Qaad
KG5SPG,,/u/KG5SPG
KG5TLJ,,/u/jjasghar
KG5TNI,,/u/KG5TNI
KG5TVP,,/u/CmdrPalmfire
KG5UAG,,/u/is0crazy
KG5UKA,,/u/KG5UKA
KG5VDV,,/u/TimR34
KG5VFE,,/u/houstondad
KG5VGM,,/u/KG5VGM
KG5VYL,,/u/rackerhacker
KG5VYN,,/u/solarpilot
KG5VYP,,/u/Edge767
KG5WEN,,/u/wilnel
KG5YOV,,/u/benmonty
KG6EYC,,/u/VAdept
KG6NRI,,/u/kg6nri
KG6SGX,,/u/TheSwami
KG6TRN,,/u/Netolu
KG6TWI,,/u/absolut646
KG6YHQ,,/u/florinandrei
KG6YOA,,/u/red0x
KG6ZJM,,/u/Earwaxcandle
KG7AFL,,/u/KG7AFL
KG7AHL,,/u/tomascosauce
KG7AJM,,/u/jonecat
KG7APZ,,/u/irish1185
KG7AUL,,/u/KG7AUL
KG7BBG,,/u/kg7bbg
KG7BBO,,/u/pyro3d
KG7BGZ,,/u/KG7BGZ
KG7BPO,,/u/Leer10
KG7BTR,,/u/cdoggwsu
KG7CRF,,/u/telemaphone
KG7DHK,,/u/ooeygui
KG7DHL,,/u/KG7DHL
KG7EMV,,/u/pdxpatzer
KG7EQN,,/u/lenzi
KG7ERA,,/u/falkenhyn
KG7EWJ,,/u/thumper242
KG7EYB,,/u/zmcgrew
KG7FNQ,,/u/ChivalrousGases
KG7FRB,,/u/kg7frb
KG7HWR,,/u/KG7HWR
KG7HWT,,/u/goldman60
KG7IDC,,/u/SILNTBOB
KG7IGP,,/u/zemsten
KG7IGY,,/u/KG7IGY
KG7IHV,,/u/KG7IHV
KG7IQZ,,/u/Xourque503
KG7IXR,,/u/KG7IXR
KG7KTQ,KG7KTQ,/u/KG7KTQ
KG7KWF,,/u/Psychofish2277
KG7LDB,,/u/captainserial
KG7LEA,,/u/KG7LEA
KG7LNJ,,/u/KG7LNJ
KG7LUE,,/u/kg7lue
KG7LZJ,,/u/Kardolf
KG7MCQ,,/u/Bear_Left
KG7MQE,,/u/Junk-Bot
KG7NE,,/u/gravatite
KG7NJC,,/u/q120
KG7NJQ,,/u/kundalinichi
KG7NTH,,/u/kg7nth
KG7NUX,,/u/KG7NUX
KG7OOW,,/u/cedarboy
KG7OPS,,/u/wsmall99
KG7PLD,,/u/Wurzberger2
KG7PNS,,/u/cwcoleman
KG7PTB,,/u/Zoidberg538
KG7PZR,,/u/FTS_i_quit
KG7QAM,,/u/liablemtl
KG7QDZ,,/u/gone_fission73
KG7QEO,dj_KG7QEO,/u/evilroots
KG7QQJ,,/u/miroatme
KG7SAV,,/u/parablepalace
KG7SGP,,/u/164actual
KG7SIF,,/u/metalwarriors
KG7TAW,,/u/carter
KG7TEC,,/u/cadetart3mis
KG7TSS,,/u/WyoBornWyoBred
KG7TZU,,/u/fastdbs
KG7UJG,,/u/KG7UJG
KG7ULQ,,/u/KG7ULQ
KG7UYM,,/u/ebox86
KG7VAS,,/u/StevenCary
KG7VBP,,/u/Scorpion797
KG7VBU,,/u/blazernut2k
KG7VFV,,/u/SoloSquirrel
KG7WA,,/u/KG7WA
KG7WED,,/u/thinksurvival
KG7WES,,/u/KG7WES
KG7WEU,,/u/lrgmnky
KG7YJZ,,/u/paneubert
KG7YLC,,/u/KG7YLC
KG7YRI,,/u/KG7YRI
KG7ZFC,,/u/KG7ZFC
KG7ZMR,,/u/der_kommissioner
KG7ZWY,,/u/GreenSmurf45
KG7ZZT,,/u/KG7ZZT
KG8CO,,/u/KG8CO
KG9AE,,/u/kg9ae
KH6GUN,,/u/FivePtFiveSix
KI3Y,,/u/peteonrails
KI4AAM,,/u/chrispt
KI4ABS,,/u/cincydash
KI4ADS,,/u/KI4ADS
KI4BAS,,/u/yugogrl2000
KI4CLZ,,/u/ki4clz
KI4FWY,,/u/roadriverrail
KI4GKU,,/u/WalterFStarbuck
KI4IHC,,/u/ki4ihc
KI4IJQ,,/u/flecom
KI4KKD,,/u/KI4KKD
KI4KMP,,/u/lanmanager
KI4LGI,,/u/wsx11
KI4LOS,,/u/BZRatfink
KI4OAE,,/u/Diffie-Hellman
KI4PRI,,/u/KI4PRI
KI4REC,,/u/synesthesiatic
KI4RO,,/u/KI4RO
KI4RZT,,/u/rv49er
KI4STU,,/u/detrickm
KI4ZKP,,/u/shawnville
KI4ZLX,,/u/KI4ZLX
KI4ZXQ,,/u/bobman5500
KI5EI,,/u/uglyman04
KI6BHD,,/u/teeceli
KI6BNP,,/u/KI6BNP
KI6CPV,,/u/gwillen
KI6CR,,/u/ChrisToad
KI6DZU,,/u/ki6dzu
KI6EFA,,/u/atomicthumbs
KI6FCP,,/u/Lionflower13
KI6KVZ,,/u/Mikumiku_Dance
KI6NAZ,,/u/Hoshnasi
KI6OMR,,/u/Tapaman
KI6ROV,,/u/arcsecond
KI6UOC,,/u/ki6uoc
KI6UXN,,/u/KI6UXN
KI6WBH,,/u/KI6WBH
KI6WWW,,/u/mikeyfireman
KI6YMZ,,/u/mynamesdave
KI7AFR,,/u/zulutwo
KI7AWG,,/u/jacobgold
KI7BWB,,/u/KI7BWB
KI7CAZ,,/u/skijeeper
KI7CFO,,/u/KI7CFO
KI7CQE,,/u/EternityForest
KI7CQK,,/u/TrippingWildrose
KI7DIH,,/u/chainercygnus
KI7DPP,,/u/KI7DPP
KI7DQG,,/u/gulledondervan
KI7ETF,,/u/KI7ETF
KI7FHZ,,/u/jimnutt
KI7FKK,,/u/adamb0mb
KI7FYC,,/u/burtonsimmons
KI7FYG,,/u/brodypros
KI7GKH,,/u/vaderj
KI7GLF,,/u/KI7GLF
KI7HCP,,/u/yuffington
KI7HDL,,/u/KI7HDL
KI7HLV,,/u/Branan
KI7HMV,,/u/covertkek
KI7IIB,,/u/ki7iib
KI7IYV,,/u/DeadRat
KI7IZU,,/u/KI7IZU
KI7JQU,,/u/KI7JQU
KI7KEY,,/u/Brru
KI7KJR,,/u/brien
KI7LBE,,/u/ChutneyRiggins
KI7LBM,,/u/Inxanity1
KI7LGC,,/u/bmlbytes
KI7LGQ,,/u/bubbblehead
KI7MKS,,/u/tirianor
KI7MLQ,,/u/darmon
KI7MVM,,/u/curlybrian
KI7OKD,,/u/chrismetcalf
KI7OSA,,/u/850man
KI7PFY,,/u/bobmonkeywarts
KI7PGR,,/u/joeldare
KI7POK,,/u/TheHallwayIsGone
KI7PXF,,/u/encee222
KI7PYE,,/u/nathanwnelson
KI7QGC,,/u/falsefive
KI7QVF,,/u/bites
KI7RCY,,/u/lpmagic
KI7SJQ,,/u/see_sharp_dotnet
KI7TRR,,/u/bimmerbars
KI8FW,,/u/cear
KI8KW,,/u/MKGSticks
KJ0JK,KJ0JK,/u/JKtheSlacker
KJ0NS,,/u/ai6aj
KJ3N,Delaware-DXer,/u/kj3n
KJ3PZX,,/u/elitegoodguy
KJ4BRU,,/u/TheAethereal
KJ4CGX,,/u/Kj4cgx
KJ4ENN,,/u/engineer647
KJ4EWA,,/u/PacketRacket
KJ4EYN,,/u/activeXray
KJ4EZJ,,/u/kj4ezj
KJ4FZA,,/u/zerovertex
KJ4HPE,,/u/Stationrat
KJ4IKD,,/u/n00tz
KJ4IPN,,/u/DomCollins
KJ4IQA,KJ4IQA,/u/w4aql-prez
KJ4JWS,,/u/phrits
KJ4KNW,,/u/EtherBunnyHawk
KJ4KPV,,/u/ChinoUSMC0231
KJ4MFW,,/u/kj4mfw
KJ4MJI,,/u/LegoGuy23
KJ4MMI,,/u/stonefoz
KJ4MPT,,/u/cpl5257
KJ4NGS,,/u/cmcguinness
KJ4ODS,,/u/kj4ods
KJ4OHZ,,/u/sirdarksoul
KJ4PZX,,/u/elitegoodguy
KJ4VYI,,/u/KJ4VYI
KJ4WLC,,/u/KJ4WLC
KJ4WRK,,/u/SaintEyegor
KJ4YAF,,/u/willworkforbandwidth
KJ4ZQG,,/u/squirrelwave
KJ6BBS,,/u/cj5
KJ6BNI,,/u/synack
KJ6BTG,,/u/xaerorazor
KJ6BWB,,/u/KJ6BWB
KJ6DOU,,/u/kj6dou
KJ6GCS,,/u/mustard_party
KJ6KXF,,/u/apostle228
KJ6LDJ,,/u/chemebanshee
KJ6MFL,,/u/Phil179
KJ6NVY,,/u/Mookest
KJ6PLQ,,/u/maltedfalcon
KJ6PON,,/u/pgenera
KJ6PSG,kj6psg,
KJ6PSX,,/u/KJ6PSX
KJ6QJS,,/u/cjacobs0
KJ6QMB,,/u/pastanazgul
KJ6QQH,,/u/instantrobotwar
KJ6RPX,,/u/d_troy
KJ6RWB,,/u/scjosh
KJ6RXW,,/u/KJ6RXW
KJ6SFJ,,/u/koolatr0n
KJ6TIE,,/u/smhawkes
KJ6TLX,,/u/LeoPanthera
KJ6TQ,,/u/KJ6TQ
KJ6VVZ,,/u/kj6vvz
KJ6WEG,,/u/spinmap
KJ7ON,,/u/jdlee77
KJ7ROV,,/u/KJ7ROV
KJ7T,,/u/KJ7T
KJ8AM,,/u/KD8QJZ
KK0ECT,KK0ECT,
KK0O,,/u/rooster-one4
KK1W,,/u/1Whiskey
KK4AQN,,/u/blueintegral
KK4ASF,,/u/xaositects
KK4BTB,,/u/jakkarth
KK4CHT,,/u/eidaot
KK4DRW,,/u/KK4DRW
KK4DSD,,/u/kk4dsd
KK4DUY,,/u/draeath
KK4EWD,,/u/KK4EWD
KK4FEM,,/u/kk4fem
KK4FKF,,/u/kk4fkf
KK4FVC,,/u/kk4fvc
KK4GKF,,/u/dokumentamarble
KK4GZP,,/u/montgoej
KK4HSX,,/u/KK4HSX
KK4IOH,,/u/Mikl73
KK4JWK,,/u/jonastio
KK4JXD,,/u/jaychym
KK4KZS,,/u/ibrentlam
KK4LHO,,/u/devmonkey
KK4LWR,,/u/08milluz
KK4MIA,,/u/stormbear
KK4MQN,,/u/KK4MQN
KK4MTX,,/u/jackextiv
KK4NAA,,/u/mpstein
KK4ODC,,/u/dwurmfeld
KK4OPI,,/u/mvm92
KK4PTF,,/u/whozurdaddy
KK4PWK,,/u/quarkimedes
KK4SFV,,/u/glenwiley
KK4TCR,,/u/watm0n
KK4TXZ,,/u/colonelk0rn
KK4UEW,,/u/jonathon8903
KK4URZ,,/u/Ddraig
KK4UVW,,/u/DrZudermon
KK4VEK,,/u/7cardcha
KK4VFU,,/u/zellkou
KK4VNO,,/u/itssohottinhere
KK4WBI,,/u/CATSCEO2
KK4WJS,kk4wjs,/u/nricciar
KK4WMD,,/u/KK4WMD
KK4WPH,,/u/FubarSnafuTarfu
KK4WQL,,/u/Citadel_97E
KK4WYR,,/u/kk4wyr
KK4YDD,,/u/spyke581
KK4YFD,,/u/perrfekt
KK4YMB,,/u/KK4YMB
KK4YPM,,/u/itmike88
KK4ZMG,,/u/kk4zmg
KK4ZRD,,/u/rottenpossum
KK4ZXQ,,/u/TTrappy
KK6ADH,,/u/Argon27
KK6AEE,,/u/ClanGnome
KK6AHT,,/u/sarfata
KK6ANO,,/u/wintyfresh
KK6ATA,,/u/wastedyeti
KK6BPT,,/u/dykemoney
KK6CAT,,/u/capt_feedback
KK6DCT,,/u/khooke
KK6DMB,kk6dmb,
KK6DNA,,/u/MammaJude
KK6EPS,KK6EPS,/u/bengl
KK6EVO,,/u/mecharedneck
KK6FEN,,/u/vaelen
KK6FKL,,/u/jeffreyan12
KK6FNK,,/u/ChrisToad
KK6GDB,,/u/Cheesejaguar
KK6GET,,/u/evess_arudem
KK6GNP,,/u/Oceas
KK6GPQ,,/u/SalvorinFex
KK6HDV,,/u/Boggerm
KK6HYF,,/u/KK6HYF
KK6IEX,,/u/cody4k
KK6ISH,,/u/nofreesteak
KK6JLK,,/u/mcpherrinm
KK6KPA,,/u/TheComebacKid
KK6LFD,,/u/rawrina
KK6LSO,,/u/turnip-cake
KK6LXO,,/u/TheHamitron
KK6MDI,,/u/jjphoto
KK6MJF,,/u/mys_721tx
KK6MPP,,/u/iheartrms
KK6MZP,,/u/dontpanic15
KK6NLW,,/u/JeepinJon
KK6NTY,,/u/GunaBeHero
KK6NUE,,/u/pokesomi
KK6NXK,,/u/kk6nxk
KK6OAY,,/u/KK6OAY
KK6OEI,,/u/KK6OEI
KK6OKH,,/u/MarkWetter
KK6OOT,,/u/dclaw
KK6OPN,,/u/AvidAvider
KK6POR,,/u/SamBeastie
KK6QJL,,/u/Tinfoil_Haberdashery
KK6RBI,,/u/KK6RBI
KK6RKA,,/u/kk6rka
KK6RSI,,/u/KK6RSI
KK6SEU,,/u/scotttherobot
KK6SVW,,/u/Vide0eng
KK6TDI,,/u/Littlemanmike
KK6ULM,,/u/climbing_higher
KK6UTC,,/u/AlphaLima
KK6UYH,,/u/Jokefudge
KK6VAR,,/u/CaptainData
KK6VEV,,/u/KK6VEV
KK6VIP,,/u/gofargogo
KK6WCG,,/u/a8ksh4
KK6WDB,KK6WDB,
KK6WFF,,/u/jdlee77
KK6YTP,,/u/canier
KK6ZEY,,/u/WizardsOf12
KK6ZVL,,/u/nejadisholy
KK6ZXH,,/u/Khakikadet
KK6ZZB,,/u/robyr
KK9JEF,,/u/TheSwami
KL0WNY,,/u/kl0wny
KL1XF,,/u/loxodes
KL2LK,,/u/tzenrick
KL2NV,,/u/shotgunmoose
KL3PA,,/u/ssjaken
KL4EF,,/u/Culturelag
KL4FC,,/u/kl4fc
KL4YFD,,/u/Tyrannosaurus_hex
KL5L,,/u/TheReallyHappySock
KL7GC,,/u/Ak_Float_Flyer
KM4ADA,,/u/B1ueKampfer
KM4ADB,,/u/Drakothin
KM4AHQ,,/u/KM4AHQ
KM4AKT,,/u/imaustin
KM4ALN,,/u/Shadezallnite
KM4AYW,,/u/jtickle
KM4AZD,,/u/lhutton
KM4BHX,,/u/Go3Team
KM4BLG,,/u/KM4BLG
KM4CHM,,/u/applehat
KM4CQW,,/u/boiterjj
KM4DDO,,/u/minirova
KM4DHL,km4dhl,
KM4DTK,,/u/Jankomatic
KM4DVE,,/u/bzgrimreaper
KM4EGM,,/u/ljheidel
KM4EIL,,/u/jakethewhitedog
KM4EKI,,/u/KM4EKI
KM4ELD,,/u/Radioiron
KM4EVQ,,/u/thesnoc
KM4FAY,,/u/_T_nasty
KM4FFM,,/u/potarz
KM4FIG,,/u/SgtChancey
KM4FLX,,/u/goatboye
KM4FPA,,/u/kevashcraft
KM4FPQ,,/u/gtmarvin
KM4GAV,,/u/BaronOBeanDip
KM4GDG,,/u/ntilley905
KM4HRG,,/u/KM4HRG
KM4ICN,,/u/aluminum_foiled
KM4JAY,,/u/KM4JAY
KM4JCE,,/u/pavelft
KM4JEF,,/u/singe810
KM4JJR,,/u/dantefl13
KM4JKY,,/u/KM4JKY
KM4JOJ,,/u/dewdude
KM4KAK,,/u/thomasb9511
KM4KEI,,/u/KM4KEI
KM4KGV,,/u/onrivertime
KM4KIS,,/u/gravity-rider
KM4KTB,,/u/100100111
KM4KTC,,/u/hotwiredtn
KM4LCT,,/u/tcgardner
KM4LGY,,/u/km4lgy
KM4LIM,,/u/rwills
KM4LVD,,/u/GrossCreep
KM4MK,,/u/gtmarvin
KM4MLG,,/u/SomeDudeInGermany
KM4MZE,,/u/TheMedic628
KM4NEI,,/u/thisguyistotallyben
KM4NKU,,/u/mumrah
KM4NUV,,/u/KM4NUV
KM4OOS,,/u/polyhedral
KM4ORV,,/u/eight769
KM4OVC,,/u/KM4OVC
KM4PEU,,/u/fireshaper
KM4PLK,,/u/MegaTanman8
KM4PXX,,/u/adamsogm
KM4PXY,,/u/STACK-JACK
KM4QHH,,/u/SoFlo1
KM4QMC,,/u/HeroYoojin
KM4QPU,,/u/Oxyacetylene
KM4RCI,,/u/KM4RCI
KM4REF,,/u/Kontakr
KM4RNW,,/u/cuba200611
KM4SQS,,/u/bassiswhereitsat
KM4SYN,,/u/BeesAndChickens
KM4TBY,,/u/Giric
KM4THM,,/u/punch____
KM4TQJ,,/u/Ghost4113
KM4TUJ,,/u/KM4TUJ
KM4ULB,,/u/gonthrax
KM4UQK,,/u/KM4UQK
KM4UXN,,/u/MathewC
KM4VKT,,/u/jspitzer221
KM4VUC,,/u/peachy921
KM4VVP,,/u/GwenKatten
KM4WDK,,/u/KM4WDK
KM4WHU,,/u/or1gb1u3
KM4WHV,,/u/cherryhammer
KM4WKZ,,/u/GorditoDellgado
KM4WNX,,/u/KaiserKreme
KM4WVF,,/u/kosmosouthern
KM4YAZ,,/u/NickyDeuce
KM4YLN,,/u/flyer716
KM4YSY,,/u/bobby_brb3
KM4YXR,,/u/km4yxr
KM4ZHW,,/u/CaptainReginaldLong
KM4ZYL,,/u/gdothard
KM6ACU,,/u/bfost16
KM6BJK,,/u/Stingy49
KM6BWK,,/u/805maker
KM6CNA,,/u/km6cna
KM6COW,,/u/Km6cow
KM6CRW,,/u/benmargolin
KM6DCO,,/u/KM6DCO
KM6ESV,,/u/startrekfan22
KM6FHQ,,/u/SirThoreth
KM6FUI,,/u/shippk430
KM6GCB,,/u/sdmichael
KM6GNA,,/u/Jhokur
KM6IXR,,/u/kerbalcada3301
KM6JIU,,/u/adamstrunk96
KM6JRN,,/u/MrNunez
KM6JUR,,/u/Km6jur
KM6KCM,,/u/hoarybat
KM6KUK,,/u/km6kuk
KM6LKJ,,/u/aera
KM6LTK,,/u/DPErny
KM6MVE,,/u/nwind21
KM6MZO,,/u/imadamb
KM6NHH,,/u/thelastcubscout
KM6NUK,,/u/km6nuk
KM6OCD,,/u/GummyKibble
KM6OYS,,/u/MrBobMcBob
KM6QFM,,/u/KM6QFM
KM6QJE,,/u/devjustinian
KM6RAL,,/u/RobMofSD
KM8V,km8v,
KN3RDS,,/u/Making_stuff
KN4AGX,,/u/dereks777
KN4AQ,,/u/KN4AQ
KN4AYN,,/u/tubadog88
KN4BHE,,/u/Seriphen
KN4BSU,,/u/10_LETTERS_BOT
KN4CFI,,/u/jcamhale
KN4CIV,,/u/WorkForeman
KN4CNU,,/u/kn4cnu
KN4CUV,,/u/bostrt
KN4DBF,,/u/VerdeMountain
KN4DVV,,/u/markjo222
KN4EAR,kn4ear,/u/Macroexp
KN4EKB,,/u/cwdiaz
KN4EMA,,/u/theencomputers
KN4EMS,,/u/imroot
KN4EMY,,/u/KN4EMY
KN4FIP,,/u/karnak
KN4FMO,,/u/KN4FMO
KN4FOD,,/u/KN4FOD
KN4FVJ,,/u/deusnefum
KN4GBO,,/u/sallp
KN4GSS,,/u/KN4GSS
KN4GYU,,/u/lukybase
KN4HHX,KN4HHX-AE,/u/cschmittiey
KN4HIH,,/u/Stewbodies
KN4HZG,,/u/tracerrx
KN4IGE,,/u/KN4IGE
KN4IQL,,/u/thespis43
KN4JBC,,/u/GSM_Heathen
KN4JDD,,/u/Rand0m_Name
KN4JJO,,/u/Logan_Gibson
KN4JKA,,/u/tendonut
KN6QÂ ,,/u/twkisner
KN7DNA,,/u/KN7DNA
KO1N,,/u/userjack6880
KO1X,,/u/mmuzzy
KO3I,,/u/ko3i
KO4MA,,/u/KO4MA
KO6RM,KO6RM,/u/PM_ME_YOUR_QSL_CARD
KP4IA,,/u/KP4IA
KPC1MD,,/u/jerutley
KQ4KK,,/u/KQ4KK
KQ6G,,/u/Son_Of_A_Diddley
KR0CKT,,/u/bandman444
KR0L,,/u/jgoerzen
KR0SIV,,/u/kr0siv
KR1LLR,,/u/krillr
KR3KLS,,/u/Ghost4113
KR4USE,kr4use,/u/Sauerkrause
KS0JAE,,/u/ks0jae
KS4JER,,/u/g_button
KS5D,,/u/ishmal
KT1F,,/u/KT1F
KT2O,,/u/mmisnan
KT4KIT,,/u/monabender
KT4LF,,/u/dahdittio
KU0DM,,/u/freestateradio
KU4ME,,/u/CooForMe
KU4RW,,/u/Bzzzer
KU7CAD,,/u/KU7CAD
KU7PDX,,/u/DarkStarPDX
KV3D,,/u/autosear
KV4KZ,,/u/pconwell
KV4QS,,/u/KV4QS
KV4YU,,/u/Swamplust
KV5X,,/u/monkey69
KV7J,,/u/KV7J
KW4EP,,/u/piranha32
KW4GL,,/u/Captain-Battletoad
KW4GW,,/u/Orcslayer
KW4KF,,/u/schrotn
KW4LB,,/u/gxti
KW4OJ,,/u/UnhappyMaknam
KW4QI,,/u/NM2KID
KW4XV,,/u/sciatore
KW7XX,,/u/KW7XX
KX4HL,,/u/KX4HL
KX4HY,,/u/SparkyWirez
KX4IT,,/u/KX4IT
KX5ONE,,/u/miroatme
KX8W,,/u/nertaxos
KX9X,,/u/KX9X
KY1T,,/u/ky1t
KY9J,,/u/cheetahcandy
KZ0P,cSmith,/u/cschmittiey
KZ5Q,,/u/kz5q
KZ6TOD,,/u/TheUlfhedin
LA6VRA,,/u/Arctichuman
LA8QTA,,/u/Bartulf
LA9OSA,,/u/Snakehand
LB1TI,,/u/naughtyarmadillo
LB3HH,,/u/SiliciumNerfy
LB4IH,,/u/tynnoel
LB5HG,,/u/kemp_bush
LB5QG,,/u/langlo94
LB5SH,,/u/skurk
LB8CH,,/u/HOLY_USER
LU4EXT,,/u/vz0
LU5ARC,,/u/pupeno
LU7AND,,/u/lu7and
LU7DH,,/u/LU7DH
LZ1IRQ,,/u/LZ1IRQ
M0APT,,/u/Minifig66
M0CNL,,/u/m0cnl
M0CRT,,/u/M0crt
M0DNY,,/u/thecraag
M0FFY,,/u/m0ffy
M0GVZ,,/u/notsurewhatdayitis
M0HMK,,/u/m0hmk
M0HZH,,/u/YO9IRF
M0JCQ,,/u/jstevens_uk
M0KCP,,/u/manofourtime
M0KDN,,/u/wtf_apostrophe
M0NGY,,/u/filace
M0NIT,,/u/jasiek83
M0NTM,,/u/mrafinch
M0RMX,,/u/10Base-T
M0RNW,,/u/m0rnw
M0RZY,,/u/EMarkM_DM
M0TCB,,/u/gwince
M0TDN,,/u/hashbinbash
M0TNR,,/u/cillian64
M0VKG,ve7cxz,/u/amsams
M0WQK,,/u/DevonianAD
M0WTH,,/u/muonzoo
M0XOM,,/u/M0XOM
M0ZAI,,/u/m0zai
M0ZMS,,/u/FishFruit
M1EAU,,/u/MarkBeech
M3EQX,,/u/hmaidment
M3WNI,,/u/Pinski1
M6BOK,,/u/W1ggler
M6EUQ,,/u/jasiek83
M6FCY,,/u/hashbinbash
M6GCF,,/u/wtf_apostrophe
M6GOC,,/u/idontknowwhattoput01
M6HFU,,/u/retronewb
M6HSY,,/u/t3rr0r_f3rr3t
M6HUO,,/u/KiloSierraCharlie
M6ICS,,/u/bobstay
M6IXP,,/u/M6IXP
M6JGY,,/u/jdiez17
M6JLP,,/u/TheIrishJJ
M6JSY,,/u/Asystole
M6JTK,,/u/M6JTK
M6JXI,,/u/JakeGrey
M6LSZ,,/u/HettySwollocks
M6MDR,,/u/M6MDR
M6OAJ,,/u/M6OAJ
M6OTV,,/u/Ottaviocr
M6PNX,,/u/Phoenix13_uk
M6RIS,,/u/_TheModerator
M6UBC,,/u/benclifford
M6UNA,,/u/onoj
M6UON,,/u/pupeno
M6XAY,,/u/NotSoDrunkenSailor
M6XGT,,/u/M6XGT
M6YGG,,/u/outofcharact
M8RRI,,/u/m8rri
MD1CLV,,/u/Dankleton
MD6YAU,,/u/spectrumero
MI0HCK,,/u/crobinson898
MM0TKE,,/u/tkerby
MM3NTX,,/u/gmaskew
MM6ZGT,,/u/scotsgraeme
MW0URC,,/u/Hizan546
MW0XDD,,/u/VPope
MW3OEY,,/u/digitalgecko
MW6LXL,,/u/Boyuki
MW6XSR,,/u/Siyfion
N0AAA,,/u/n0aaa
N0ARP,n0arp,
N0BML,,/u/n0bml
N0BS,,/u/n0bs
N0DOS,,/u/feedle
N0EDB,,/u/edb_ok
N0ESC,,/u/n0esc
N0FJ,,/u/N0FJ
N0FN,,/u/N0FN
N0FQY,,/u/n0fqy
N0FUQ,,/u/LulzATron-5000
N0GB,,/u/N0GB
N0HYD,,/u/bsnrjones
N0JMP,,/u/N0JMP
N0JYZ,,/u/crapta
N0KO,,/u/n0ko
N0KWE,,/u/Tamagotono
N0LSD,,/u/N0LSD
N0MAD,,/u/aearles
N0MAP,,/u/quietglow
N0MO,,/u/array_repairman
N0NB,,/u/N0NB
N0OB,,/u/boiterjj
N0OTZ,,/u/n00tz
N0PSP,,/u/n0psp
N0QBX,,/u/skreagles
N0QKH,,/u/reversegear
N0RC,,/u/BigReid
N0RHA,,/u/neur0mancer
N0RUA,N0RUA,
N0SSC,,/u/kawfey
N0SYN,,/u/robyr
N0WER,,/u/n0wer
N0WFT,,/u/n0wft
N0WL,,/u/n0wl
N0ZJT,,/u/n0zjt
N0ZO,,/u/uapyro
N0ZOJ,,/u/N0ZOJ
N1AAE,N1AAE,/u/N1AAE
N1ARC,,/u/sarcasimo
N1AXR,,/u/N1AXR
N1BBQ,,/u/fimmel
N1COR,N1COR,/u/N1COR
N1CTO,,/u/sirdarksoul
N1CYB,,/u/Cyberspew
N1DQ,,/u/n1dq
N1EMB,,/u/jakepw
N1EN,,/u/MikeTheActuary
N1GGG,,/u/Geekster2010
N1GUT,,/u/Townsend7
N1IK,,/u/n1ik
N1JFU,,/u/smeuse
N1KDO,,/u/n1kdo
N1KGH,,/u/dmoisan
N1KMZ,,/u/ChiefSpoonS
N1KN,,/u/makeitrad
N1MIS,,/u/tuoder
N1NJT,,/u/CaptainNJT
N1PSX,,/u/n1psx
N1REU,,/u/excludingpauli
N1TA,,/u/mike_n1ta
N1TAA,,/u/FriendlyITGuy
N1TUX,,/u/poltergiest
N1WG,,/u/poo_finger
N1WKO,,/u/n1wko
N1XRR,,/u/R4D4R_MM
N1YOQ,,/u/batmansmotorcycle
N1YWB,,/u/n1ywb
N1ZKO,,/u/blkno1
N2ASD,,/u/Munk451
N2BJC,,/u/N2BJC
N2CDO,,/u/BinaryMn
N2DUX,,/u/Duxhog
N2EON,,/u/hobbified
N2GRI,,/u/fluxquanta
N2HQ,,/u/Two_Kites
N2IIE,,/u/N2IIE
N2KMB,,/u/N2KMB
N2LAW,,/u/N2LAW
N2MCS,,/u/souterrain
N2MO,,/u/n2mo
N2NOP,,/u/tristanseifert
N2NRV,,/u/NurseFred74
N2NTX,,/u/Seagrave63
N2NXZ,,/u/N2NXZ
N2NYU,,/u/N2NYU
N2PPK,,/u/tplyons87
N2PYI,,/u/lilmatt
N2RAM,,/u/Ramv36
N2SQW,,/u/n2sqw
N2SUB,,/u/n2sub
N2TJX,,/u/n2tjx
N2VIP,,/u/N2vip
N2VNW,,/u/Vadras0710
N2WIV,,/u/bts
N2WMF,,/u/billthemedic
N2XH,,/u/HelloMyNameIsBrad
N2YTI,,/u/concentus
N2ZLL,,/u/magicksid
N2ZUL,,/u/willyb99
N3BBQ,Hogie,/u/popnfreshbro
N3BUO,,/u/n3buo
N3CKF,,/u/hb9nbb
N3CRT,,/u/charlieray
N3DGJ,,/u/TrouserPudding
N3EIR,,/u/CommoPanda3
N3GLD,,/u/laked3
N3GLV,,/u/n3glv
N3JIX,,/u/n3jix
N3JWJ,,/u/dfrap
N3LGA,,/u/threeio
N3LP,,/u/pez34
N3OAB,,/u/robert_a_bouie
N3RGY,,/u/wyager
N3TUQ,,/u/n3tuq
N3VEM,,/u/n3vem
N3VVQ,,/u/Prima13
N3WCC,,/u/bondiblueos9
N3WG,,/u/N3wg
N3YNU,,/u/Lance_lake
N4ADK,N4ADK,/u/idoescompooters
N4AE,,/u/N4AE
N4AXE,,/u/N4AXE
N4BFR,,/u/N4BFR
N4BLH,,/u/bhosmer
N4BWR,,/u/N4BWR
N4BZE,,/u/poltergiest
N4CNC,,/u/N4CNC
N4CQK,,/u/Rand0m_Name
N4DFF,,/u/DuffLab
N4DSL,,/u/n4dsl
N4EGA,,/u/cqmaps
N4ERD,,/u/N4ERD
N4FZY,,/u/hjelliott
N4IHS,,/u/VerdeMountain
N4IRS,,/u/N4IRS
N4IVE,,/u/NCHippy
N4KMM,,/u/Radiotech
N4LRS,,/u/N4LRS
N4MEW,,/u/N4MEW
N4PMK,,/u/N4PMK
N4QX,,/u/N4QX
N4UZZ,,/u/N4UZZ
N4VBD,,/u/sm04257
N4YCI,,/u/n4yci
N4YCW,,/u/cspot78
N5AMD,,/u/N5AMD
N5DJR,,/u/N5DJR
N5DUX,,/u/grendelt
N5EVD,,/u/n5evd
N5FPP,,/u/fpascal4
N5GXX,,/u/lostsol97
N5IDX,,/u/N5IDX
N5IPT,,/u/jon_k
N5IQ,N5IQ,/u/N5IQ
N5JGA,,/u/N5JGA
N5JLD,,/u/n5jld
N5JLQ,,/u/scottd18
N5JRL,,/u/jloflin
N5KHM,,/u/dandantheman
N5KRC,N5KRC,/u/schrestman
N5MAV,,/u/MattsWorldoWonders
N5NOM,,/u/N5NOM
N5NOQ,,/u/N5NOQ
N5OCO,,/u/N5OCO
N5PER,N5PER,/u/houstondad
N5RAS,,/u/rsayers
N5RVL,,/u/insureventures
N5TGL,,/u/N5TGL
N5UKZ,,/u/CousinWoot
N5VEI,,/u/n5vei
N5WE,,/u/TDChuckM
N5WLF,,/u/wolfshark_of_vybor
N5WON,,/u/txjacob0
N5XON,,/u/n5xon
N5ZKK,,/u/N5ZKK
N5ZNO,,/u/n5zno
N6BTV,,/u/IamNabil
N6DL,,/u/dlritter61
N6DTE,,/u/HamburgerSam
N6DUF,,/u/duffles0
N6ETC,,/u/wittyb
N6FOG,,/u/smokeybehr
N6GMH,,/u/GrantHenninger
N6GN,,/u/n6gn
N6HCM,,/u/henare
N6HPA,,/u/n6hpa
N6KP,,/u/n6kp
N6MED,,/u/n6med
N6MMS,,/u/maltedfalcon
N6MST,,/u/qrpcw
N6OIL,,/u/N6OIL
N6QB,SCSi,/u/Vadept
N6RIK,,/u/N6RIK
N6RJX,,/u/DSelling
N7ACM,,/u/AySeeEm
N7AHE,,/u/N7AHE
N7AJF,N7AJF,/u/goldman60
N7HPO,,/u/N7HPO
N7HPR,,/u/n7hpr
N7ICE,,/u/chrismatthieu
N7IZY,N7IZY,/u/izzy84075
N7LAN,,/u/N7LAN
N7MCS,,/u/Chipskip
N7MJS,,/u/stewie81
N7MTB,,/u/mblomstrom
N7NON,NullOverflow,/u/NullOverflow
N7SMI,,/u/apollosmith
N7THX,,/u/N7THX
N7TNP,,/u/N7TNP
N7TOX,,/u/utoxin
N7VQM,,/u/Unlanded
N7ZQT,,/u/lalliexperience
N7ZVJ,,/u/Jon_Hanson
N8DV,,/u/N8DV
N8EUL,,/u/MadMennonite
N8FQ,,/u/DersEvvak
N8FU,,/u/Culinarytracker
N8HM,,/u/PRStoetzer
N8IZN,,/u/BobCollins
N8JMR,,/u/oesjmr
N8LOQ,,/u/N8LOQ
N8LXY,,/u/N8LXY
N8MJK,,/u/lordmjukis
N8OBG,,/u/ispland
N8OHU,,/u/n8ohu
N8PDX,,/u/JATO757
N8PU,,/u/n8pu
N8QQ,,/u/BradMc-
N8RMA,,/u/KE8AAN
N8RUP,,/u/memorex1150
N8USK,,/u/perlguy9
N8VI,,/u/n8vi
N8VSI,,/u/scottkuma
N9BSW,,/u/therealwoodman
N9EAT,,/u/ms360
N9GOD,,/u/N9GOD
N9GSU,,/u/ArthurCarlson
N9GT,,/u/combateer
N9JCV,,/u/n9jcv
N9JPM,,/u/n9jpm
N9JRM,,/u/The_JMO
N9KY,,/u/chuckmilam
N9LMZ,,/u/bluzdude
N9MAN,,/u/themann00
N9MTB,,/u/robtillotson
N9NAY,,/u/DaveNay
N9NWT,,/u/ntilley905
N9OGL,,/u/N9OGL
N9PCT,,/u/Windrac
N9SEO,,/u/n9seo
N9SJA,,/u/N9SJA
N9SMA,,/u/Jaymes_Markham
N9WSV,,/u/n9wsv
N9YB,,/u/N9YB
N9YCR,,/u/numbercrunchee
N9ZJ,,/u/xdrjbotts
NA4FM,,/u/DrZudermon
NA7U,,/u/CostaRicaEnvy
NA8E,,/u/style26062
NA8Y,,/u/NA8Y
NB4F,,/u/NB4F
NB7KW,,/u/NB7KW
NC1G,,/u/phyreguy61
ND1SU,,/u/NDHoosier
ND3V,,/u/ajrisi
ND9G,,/u/RiderMayBail
NE1AM,,/u/Sniper061
NE4EB,,/u/lowell1960
NE4PO,,/u/DeaconPat
NE4RD,ne4rd,/u/wstearns
NE9K,NE9K,
NF9Q,,/u/CoD_Segfault
NG5Z,,/u/ng5z
NG8B,,/u/VecGS
NG9I,,/u/moogatronic
NI3B,,/u/the2belo
NI9N,,/u/NI9N
NJ2FU,,/u/LangleyLGLF
NJ4Y,,/u/nj4y
NJ9G,,/u/BiometricsGuy
NK8S,,/u/NK8S
NM0J,,/u/NM0J
NM2KID,,/u/NM2KID
NM5M,,/u/nm5m
NN3RP,,/u/NN3RP
NN3W,,/u/nn3w
NN4E,,/u/reddirtranch
NN4F,,/u/NN4F
NN5RR,,/u/NN5RR
NO0K,,/u/mspencer712
NO3FCC,,/u/NO3FCC
NQ0M,,/u/jerutley
NQ1E,,/u/NQ1E
NQ4T,NQ4T,/u/dewdude
NQ6N,,/u/nq6n
NQ8C,,/u/xooxies
NQ8H,,/u/smitty51267
NQ9G,,/u/bomberboysk
NS0D,,/u/kcpistol
NS0S,NS0S,/u/kcexactly
NS7I,ns7i,/u/carter
NS8H,,/u/NS8H
NS8N,,/u/hunky
NT1K,NT1K,/u/ItsBail
NT4OM,,/u/nt4om
NT4TN,,/u/nullc
NT5PH,,/u/NT5PH
NU3G,,/u/Xpyd3r
NU7B,,/u/stefanoaz
NU7N,,/u/meowbarkhiss
NV0N,,/u/Rinchen
NV1D,NV1D,
NV1K,,/u/nv1k
NV2K,,/u/root_127-0-0-1
NV5E,,/u/grumpy8770
NV9P,,/u/superalpine
NW5W,,/u/Defender90
NW7US,,/u/NW7US
NX1U,,/u/rcaron
NX3R,,/u/KB3YTJ
NY2EB,,/u/EricbNYC
NY7N,,/u/ajslideways
NZ6T,,/u/elitegoodguy
OE1ABV,,/u/OE1ABV
OE1AEW,,/u/shpank0r
OE1BAK,oe1bak,/u/b3n4kh
OE1HLT,,/u/OE1HLT
OE1LFB,,/u/vautee
OE1WKL,,/u/OE1WKL
OE3NQA,,/u/naqua
OE5AEW,OE5AEW,/u/shpank0r
OH2EIE,,/u/esfin
OH2EIQ,,/u/windytan
OH2WW,,/u/ps02210
OH3BEY,,/u/sipa
OH3EPZ,,/u/OH3EPZ
OH5FWO,,/u/Jyrchi
OH5GIO,,/u/Swataia
OH6EXV,,/u/Katepillar
OH7LZB,,/u/oh7lzb
OH8STN,,/u/OH8STN
OM7MW,,/u/Matt_notascientist
ON1BES,,/u/on1bes
ON3AD,,/u/WireheadBE
ON3ODU,,/u/shreknel
OZ1SEJ,,/u/oz1sej
OZ3ALB,,/u/bobowzki
OZ3SR,,/u/trylleklovn
PA0FRI,,/u/PA0FRI
PA1HUN,,/u/pd0hun
PA3AI,,/u/Pa3ai
PA3DMI,,/u/PA3DMI
PA5AM,,/u/pa5am
PD0AC,,/u/pd0ac
PD0HOF,,/u/milanhofman
PD0HUN,,/u/pd0hun
PD2H,,/u/_LB
PD4KH,,/u/KvdHout
PD5JOB,,/u/pd5job
PD9EL,,/u/EkkoNL
PE1NUT,,/u/PE1NUT
PE4KH,,/u/KvdHout
PH1SIX,,/u/vortexnl
PU2CLR,,/u/pu2clr
PU2VLW,,/u/pu2vlw
PU3HAG,,/u/pu3hag
PU5HAC,,/u/akerbeum
PU5RHT,,/u/pu5rht
PY2XZ,,/u/py2xz
PY3IT,,/u/py3it
R2DBE,,/u/wildy_lion
R3PAX,,/u/Crea70r
RA6BIT,,/u/ra6bit
RA9YER,,/u/RA9YER
RU1M,,/u/ru1m
S54AJE,,/u/craftbyte
S54MI,s54mi,/u/sim000n
S54MTB,,/u/s54mtb
S55DB,,/u/b4d17
S57GP,,/u/voluhar
SA0BWI,,/u/swiftarrow
SA0CAD,,/u/SA0CAD
SA0CVK,,/u/superminaren
SA0MRC,,/u/marcushammar
SA2RFQ,,/u/brockamer
SA3BRX,,/u/TubesAreHot
SA5BKE,,/u/sa5bke
SA5FTP,,/u/FredL2
SA6CJM,,/u/calmtron
SA6HAM,,/u/skaramicke
SM0UTY,,/u/hin
SM3MZY,,/u/sm3mzy
SM6WJM,,/u/bobowzki
SO3Z,,/u/so3z
SP2ASO,,/u/aso824
SP5MKL,,/u/Mchlpl
SP7Q,,/u/sp7q
SP9AB,,/u/andyb7
SQ3PHA,,/u/Makdaam
SQ3SWF,SQ3SWF,/u/olgierd
SQ6TIF,,/u/dokch
SQ9ONH,,/u/TheGuyFromNowhere
SV1UY,,/u/sv1uy
SX3WIZ,,/u/sx3wiz
SY2BKW,,/u/legio314
TA2BG,,/u/ta2bg
UR1YDD,,/u/UR1YDD
UR3IJC,,/u/ur3ijc
V31RJ,,/u/ve6raj
V31SH,,/u/poltergiest
V73RT,,/u/patriotik
VA1QLE,,/u/laptopdude90
VA2VAO,,/u/UltraSatellite
VA2XBJ,,/u/bbignell
VA2XMX,,/u/Fuhrer_Of_Flapjacks
VA3ASE,,/u/VA3ASE
VA3AZY,,/u/humbix
VA3BFW,,/u/VA3BFW
VA3BOS,,/u/DataPacRat
VA3CGB,,/u/ballcore
VA3DB,va3db,/u/va3db
VA3DXV,VA3DXV,
VA3EEP,,/u/va3eep
VA3JEV,,/u/jevyjevjevs
VA3JGG,,/u/cadil
VA3KOT,,/u/va3kot
VA3LBQ,,/u/kamomil
VA3MPE,,/u/Matt872000
VA3MPM,,/u/VA3MPM
VA3NGJ,,/u/d_phase
VA3NUL,va3nul,/u/GermanSayingSquirrel
VA3OSO,,/u/va3oso
VA3PID,,/u/scruss
VA3ROM,,/u/VA3ROM
VA3TWL,,/u/scx_tyler
VA3VRE,,/u/f3nn3c
VA3WPS,,/u/oldgmguy
VA3ZAI,,/u/va3zai
VA4DFJ,,/u/Phazon8058v2
VA4RYN,,/u/rioryan
VA5LF,,/u/seanc0x0
VA5SCA,,/u/VA5SCA
VA6BUG,,/u/eugenemah
VA6CPL,,/u/Elsifer
VA6DAH,,/u/VA6DAH
VA6IKR,,/u/flyingducktile
VA6KC,,/u/ybwchris
VA6MV,,/u/VA6MV
VA6NWR,,/u/nwrepka
VA6RCZ,,/u/rzshizzle
VA7ADP,,/u/alsidprime
VA7BXB,,/u/dummytim
VA7CBD,,/u/cbd88250
VA7DCK,,/u/Decker9000
VA7EEX,,/u/VA7EEX
VA7HAX,,/u/brbphone
VA7KAX,,/u/kazbar
VA7KSH,,/u/skush97
VA7MEH,,/u/johnty123
VA7MEZ,,/u/sedition
VA7OBD,,/u/maplesyrupballs
VA7QAK,,/u/VA7QAK
VA7STV,,/u/digitalgecko
VA7UZI,,/u/freyyr
VA7XI,,/u/lazydonovan
VA7ZAT,,/u/dconzatti
VE1CEN,ve1cen,
VE1DRU,,/u/m0se5
VE1FE,,/u/threemilesfinal
VE1LX,,/u/LordGarak
VE1MDO,,/u/VE1MDO
VE1NCZ,,/u/Silverb0lte
VE1RM,,/u/w1ve
VE1SYN,,/u/Vasillas
VE2DMN,,/u/ve2dmn
VE2HEW,VE2HEW,/u/tanilolli
VE2NCG,,/u/VE2NCG
VE2PDT,,/u/ve2pdt
VE2RI,,/u/ve2ri
VE2ZA,,/u/ve2za
VE2ZGM,,/u/gpremier
VE3AVP,,/u/Quantis_Ottawa
VE3CNU,,/u/ve3cnu
VE3EFQ,,/u/exfalsoquodlibet
VE3HCF,,/u/Frogging101
VE3IDK,,/u/jmberube
VE3MAL,ve3mal,/u/NeuroG
VE3MDX,,/u/dkingsland
VE3MXU,,/u/work4bandwidth
VE3NVK,,/u/ve3nvk
VE3OSA,,/u/VE3OSA
VE3QBR,,/u/ve3qbr
VE3RTJ,,/u/VE3RTJ
VE3SCN,,/u/ve3scn
VE3SZX,,/u/cinofoto
VE3TIF,,/u/stuartgr
VE3XEC,,/u/electronicchicken
VE3XFR,,/u/icebalm
VE3XTI,,/u/ve3xti
VE3YDK,VE3YDK,/u/douglask
VE3ZCV,,/u/ve3zcv
VE4DSG,,/u/Diljiboy
VE4HEK,,/u/DrCoolHands
VE4NSG,,/u/Navbot
VE4NWD,,/u/Sahasrara
VE4WMT,,/u/hamcake
VE5EIS,,/u/PhotoJim99
VE5RB,,/u/VE5RB
VE5WTF,,/u/shinyfoil
VE6AEQ,,/u/VE6AEQ
VE6AFT,,/u/VE6AFT
VE6AKT,,/u/ikidd
VE6FUK,,/u/VE6FUK
VE6ISH,,/u/VE6ISH
VE6JKX,,/u/HughAdrienMarquis
VE6JRU,,/u/jordanurie
VE6LK,,/u/VE6LK
VE6RAJ,,/u/ve6raj
VE6RAO,,/u/ScotchMints
VE6RCZ,,/u/rzshizzle
VE6RKY,,/u/Sound_Doc
VE6SRT,,/u/Jay911
VE6WRC,,/u/ImMrBunny
VE6XIP,,/u/HelterSkeletor
VE6XVK,,/u/VE6XVK
VE7AWV,,/u/ve7awv
VE7BKU,,/u/VE7BKU
VE7CEV,,/u/danknowsbob
VE7CTP,,/u/VE7CTP
VE7CXZ,ve7cxz,/u/amsams
VE7DAC,,/u/VE7DAC
VE7FYH,,/u/VE7FYH
VE7IBF,,/u/VE7IBF
VE7JBT,,/u/jaunti
VE7JWK,,/u/tjking
VE7KND,,/u/PhatSquirrel
VE7MGF,,/u/ve7mgf
VE7NAE,,/u/ScootyPuff-Sr
VE7NCR,,/u/linotype
VE7SRW,,/u/teknokracy
VE7TDE,,/u/ve7tde
VE7ZOD,,/u/zod201
VE8AEG,,/u/diachi
VE8LC,,/u/HamMerino
VE9ADM,,/u/lokes2k
VE9EN,,/u/themaritimeman
VE9VAN,,/u/doomisdead
VK1ATP,,/u/pwarren
VK2AAF,,/u/VK2AAF
VK2APA,,/u/VK2APA
VK2COP,,/u/VK2COP
VK2DDS,vk2dds,/u/VK2DDS
VK2DQ,,/u/VK2DQ
VK2EGG,,/u/vk2egg
VK2FAJC,,/u/CountParadox
VK2FANG,,/u/VK2FANG
VK2FCLW,,/u/Waratah67
VK2FGTX,,/u/Dav2481
VK2FLEX,,/u/B0073D
VK2GPL,VK2GPL,
VK2LUX,,/u/B0073D
VK2SKY,,/u/vk2sky
VK2TPM,,/u/marxy
VK2VSR,,/u/vk2vsr
VK2ZDB,,/u/shigawire
VK3BL,,/u/VK3BL
VK3DAN,VK3DAN,/u/dangazzz
VK3FAIL,,/u/vk3fail
VK3FJTS,,/u/Contrillion
VK3FLPC,,/u/VK3FLPC
VK3FOOD,,/u/Jinkz112
VK3FPRI,,/u/sammytrailor
VK3IG,,/u/VK3IG
VK3PKT,,/u/vk3pkt
VK3XZ,,/u/vk3xz
VK4CPC,,/u/pelrun
VK4FAEH,,/u/teejayen
VK4FVRX,,/u/DeviousVRX
VK4HEX,,/u/cadamei
VK4LV,,/u/Vk4lv
VK4NUM,,/u/Vk4num
VK4TAW,,/u/bodyguardnz
VK5AKH,,/u/vk5akh
VK5DGR,,/u/vk5dgr
VK5GR,,/u/vk5gr
VK5QI,,/u/darksidelemm
VK6DB,,/u/ZebedeeAU
VK6FLAB,,/u/vk6flab
VK6HDX,,/u/vk6hdx
VK6HGR,,/u/vk6hgr
VK6MAC,,/u/poke_here
VK6MIB,,/u/VK6MIB
VK6TM,,/u/Kim147
VK7BEN,,/u/Chage
VK7LXX,,/u/faulteh
VK7SB,,/u/FurredFalcon
VO1EI,,/u/vo1ei
VO1FZY,,/u/hjelliott
VO1HJE,,/u/hjelliott
VO1PWF,,/u/vo1pwf
VR2WOA,,/u/vr2woa
VU3FSM,,/u/VU3FSM
VU3JEJ,,/u/VU3JEJ
VU3SDZ,,/u/VU3SDZ
VU3TTL,,/u/boggartfly
W0ASB,,/u/ASLOBEAR
W0DIE,,/u/dziban303
W0EA,,/u/tominabox1
W0EMI,,/u/Vonmule
W0FKC,,/u/N64TRAV3
W0FRE,,/u/smiller39
W0FZY,,/u/fuzzbawl
W0JLT,,/u/w0jlt
W0JW,,/u/W0JW
W0LRAH,,/u/w0lrah
W0MBO,W0MBO-0,/u/DPErny
W0NY,w0ny,/u/yamahanytro
W0ODJ,,/u/WoodJRx
W0OFN,,/u/W0OFN
W0ONA,,/u/ZeoNet
W0ROE,,/u/w0roe
W0TBD,,/u/W0TBD
W0TDE,,/u/p8m
W0UM,,/u/katgo
W0USH,,/u/barbaric_water
W0ZIO,,/u/tomchuk
W1AC,,/u/W1AC
W1ADV,,/u/klinquist
W1AW,,/u/w1aw
W1BBB,,/u/ddbruce
W1BMW,,/u/w1bmw
W1CRG,,/u/chrisgeleven
W1EUJ,,/u/W1EUJ
W1FOY,,/u/poor_juxtaposition
W1GIV,,/u/gemivnet
W1IDE,,/u/cranstonide
W1JDD,,/u/tidalwav1
W1LZD,,/u/LesZedCB
W1MSW,,/u/parasitic_element
W1PAC,,/u/autistic_psycho
W1PJ,,/u/W1PJ
W1PY,w1py,/u/parasitic_element
W1RPL,,/u/IronChin
W1RYN,,/u/W1RYN
W1SFS,,/u/W1SFS
W1SMM,,/u/W1SMM
W1SPD,,/u/Unheard
W1SYN,,/u/arychj
W1TTM,,/u/w1ttm
W1ULH,,/u/W1ULH
W1VE,,/u/w1ve
W1WRA,W1WRA,/u/warcand
W2ADM,,/u/lokes2k
W2AEW,,/u/w2aew
W2ASH,,/u/charliedarwingsd
W2CAM,,/u/w2cam
W2CYK,,/u/W2CYK
W2GKG,,/u/W2GKG
W2GRK,,/u/grink
W2IBC,,/u/W2IBC
W2IU,,/u/Skip_Region
W2LMM,,/u/w2lmm
W2LWH,,/u/W2LWH
W2MDW,,/u/mwilliams
W2MRM,,/u/Poppamunz
W2NAP,,/u/W2IBC
W2PA,,/u/RadiomanPA
W2PBR,,/u/snoopaloop345
W2RCT,,/u/rcterzi
W2SRH,W2SRH,
W2SZ,,/u/W2SZ
W2TEX,,/u/Tamaros
W2THO,,/u/w2tho
W2WVU,,/u/creamofwheat616
W2XG,,/u/W2XG
W2XQ,,/u/baudwalk
W3ATB,,/u/W3ATB
W3ATT,,/u/w3att
W3AXL,,/u/Papkee
W3CNB,,/u/TheCakesofPatty
W3EMT,,/u/NightWalker88
W3FFZ,,/u/W3FFZ
W3FRG,,/u/W3FRG
W3JAR,,/u/NJ_WOP
W3LUV,,/u/BadassHomesteader
W3MCD,,/u/doom2
W3PT,,/u/BogartNation
W3QA,,/u/W3QA
W3ROK,,/u/ZaneBrooklyn
W3STJ,,/u/Thuros12
W3TOJ,,/u/tehOJ
W3TUA,,/u/OldSargeRetired
W3VPS,,/u/spd1snd
W3XOX,,/u/neilenzukit
W4ACO,,/u/Cerberus1252
W4BGL,,/u/blandreth94
W4DTB,,/u/DerekTBrown
W4FFW,,/u/W4FFW
W4FS,,/u/whiskey4fosho
W4GNU,,/u/antiquekid3
W4IEI,,/u/w4iei
W4JDE,,/u/W4JDE
W4JKF,,/u/josh6466
W4JPS,,/u/W4JPS
W4KMC,,/u/WerdToYourMother
W4OFO,,/u/W4OFO
W4PC,,/u/w4pc
W4PSO,,/u/webmarc
W4RIO,,/u/Azoozoo
W4RLE,,/u/W4RLE
W4RLK,,/u/_Bitwise_
W4SWX,,/u/Weirdire
W4WHD,,/u/overnighter
W4XZR,,/u/thomasb9511
W4ZZU,,/u/enumclawsasquatch
W5ABT,,/u/GreyMistyCube
W5AWG,,/u/boxcarro
W5BSY,,/u/KG5BSY
W5CAL,,/u/W5CAL
W5CMS,,/u/n3farious
W5FOS,,/u/Tervingi
W5GMO,,/u/w5gmo
W5HFU,,/u/smswagerty
W5HSI,,/u/LostCreatures
W5IDI,,/u/chongopants
W5IEM,,/u/W5IEM
W5ISP,w5isp,/u/gmcintire
W5LVN,,/u/W5LVN
W5MAW,,/u/T3hUb3rK1tten
W5MHB,,/u/tejano714
W5MMW,,/u/W5MMW
W5PKR,,/u/petesmedia
W5SNX,,/u/W5SNx
W5TIM,,/u/joinertek
W5UNT,,/u/krzysz00
W5UNX,,/u/jhavard
W5XF,W5XF,/u/DaProf
W5YAG,,/u/W5YAG
W5ZIM,,/u/zimm3rmann
W6AMY,,/u/w6amy
W6BHZ,,/u/d_troy
W6EEW,,/u/W6EEW
W6ERR,,/u/traelan
W6EZE,W6EZE,/u/w6eze
W6FOO,,/u/forthdude
W6FU,,/u/bsdboy
W6IR,,/u/iowahank
W6JKL,,/u/jlewsader
W6KWF,,/u/PhirePhly
W6LVR,,/u/expecto_pastrami
W6MSH,,/u/mikechambers
W6NZX,,/u/W6NZX
W6RP,,/u/siliconoddity
W6RZ,,/u/drmpeg
W6TDR,,/u/aaronvogel
W6UKE,,/u/wake-and-vape
W6VRF,,/u/W6VRF
W6WXL,,/u/smhawkes
W7ADN,,/u/DemolitionDean
W7DLG,,/u/DaneGardner
W7FGO,,/u/2meter
W7GIG,,/u/gigabyte898
W7JBG,,/u/uapyro
W7KKX,,/u/W7KKX
W7KMS,,/u/W7KMS
W7KZU,w7kzu,/u/Zoidberg538
W7LCO,,/u/wilcocliw
W7ND,,/u/uli2000
W7ONY,,/u/Apollo503
W7OZH,,/u/redditwolf
W7PEA,,/u/captadv
W7PWN,,/u/mariusstrom
W7RAO,,/u/barbaric_water
W7TAD,,/u/tadtz
W7TYY,,/u/HungryLikeTheWolf99
W7VAI,,/u/vsdalfry
W8ABC,,/u/W8ABC
W8AKR,,/u/W8AKR
W8BIT,,/u/saundby
W8BSD,W8BSD,/u/RealDeuce
W8EIR,,/u/w8eir
W8ETB,,/u/etbusch
W8HAX,,/u/bityard
W8JTS,,/u/EltaninDraconis
W8JVB,,/u/chesticleez
W8RDF,,/u/MemeLovingLoser
W8SFC,,/u/w8sfc
W8SIG,,/u/SigurthrEnterprises
W8TAM,w8tam,/u/tamitall
W8TDS,,/u/thrivestorm
W8XDR,,/u/w8xdr
W8ZZW,,/u/ThePolish
W9CR,,/u/W9CR
W9CRV,,/u/w9crv
W9CTH,,/u/chills42
W9ECO,,/u/tannimkyraxx
W9EO,,/u/vespaholic
W9ERA,,/u/majikchicken
W9GIL,,/u/w9gil
W9JWC,,/u/E1219
W9KAT,,/u/charma_kamelion
W9KKN,,/u/w9kkn
W9KM,W9KM`,/u/w9km
W9LHW,,/u/Ldmoretti
W9MBL,,/u/ham_bassist
W9MSS,,/u/W9MSS
W9MZD,,/u/thefirebuilds
W9RDC,,/u/Geek_Verve
W9TCJ,,/u/traviscj
W9WLS,,/u/W9WLS
W9YM,,/u/W9YM
W9YT,,/u/TCoop
W9ZEB,,/u/Absenth
W9ZED,,/u/mrsmith1956
WA0K,,/u/m3sarcher
WA0TDA,,/u/wa0tda
WA1DEC,,/u/WA1DEC
WA1HZN,,/u/wa1hzn
WA1JAN,,/u/wa1jan
WA1OUI,,/u/wa1oui
WA1TE,WA1TE,/u/MyrddinWylit
WA1THO,,/u/TIP122NPN
WA1VTA,,/u/wa1vta
WA2EJH,,/u/SgtStretch
WA4STO,,/u/WA4STO
WA5AZQ,,/u/WA5AZQ
WA5RR,,/u/Yerok_the_Warrior
WA5SAT,,/u/WA5SAT
WA5TT,,/u/xradionut
WA5TVO,,/u/lynx10
WA5ZNU,,/u/klotz
WA6MAT,,/u/scoutcamper
WA6MBZ,,/u/wa6mbz
WA6SSO,,/u/The_Friskies
WA6VPS,,/u/Lucky225
WA7DY,,/u/St0nkingByte
WA7JRA,,/u/iam13013
WA7MIB,,/u/TMIB
WA7PBE,,/u/patraicemery
WA7SON,,/u/wa7son
WA7UHZ,,/u/WA7UHZ
WA8BIT,,/u/davidhoelzer
WA8LIV,,/u/ALKahn10
WA9KFO,,/u/rooster92
WB0LBZ,,/u/WB0LBZ
WB1HKU,,/u/crb3
WB2IFS,,/u/scipoet
WB2PKR,,/u/wb2pkr
WB2REM,,/u/wb2rem
WB3HWN,,/u/mototodo
WB4IVG,,/u/WB4IVG
WB4RFQ,,/u/brockamer
WB4UR,,/u/S_I_1989
WB5QAL,,/u/lazylion
WB5QWN,,/u/n5xon
WB5VQX,,/u/elfinhope
WB6GSE,,/u/WB6GSE
WB6NOA,,/u/WB6NOA
WB8EVI,,/u/wb8evi
WB9VPG,,/u/WB9VPG
WD0GES,,/u/FastLizard4
WD0JIM,,/u/wd0jim
WD1S,,/u/jsaccento
WD3D,,/u/WD3D
WD3V,,/u/Spirko
WD3WAR,,/u/wd3war
WD4KOL,,/u/dantefl13
WD5EOD,,/u/draw_tippy
WD5IYT,,/u/hosemore
WD5TYL,,/u/WD5TYL
WD8CIV,,/u/Hinermad
WD8DKY,,/u/wd8dky
WD8IAN,,/u/ferretboy87
WD9GET,,/u/Galen_of_Ockham
WE1MD,,/u/billybobwillyt
WE1OSU,,/u/Maarek_Elets
WE4SEL,WE4SEL,/u/we4sel
WE4X,,/u/WE4X
WF3Y,WF3Y,
WG1GEM,,/u/WG1GEM
WH6DOZ,,/u/gusgizmo
WH6EEL,,/u/gijoepao
WH6ETL,,/u/Maxrmk
WI2ARD,,/u/JeffreyFreeman
WI3G,,/u/wi3g
WI7CH,,/u/WitchDoctrix
WI9LL,,/u/WI9LL
WJ4P,,/u/22732255fan
WJ6V,,/u/stratoscope
WJ9TAN,,/u/WJ9TAN
WK2X,,/u/Efpophis
WL7CSL,,/u/mmilleror
WM6H,,/u/wm6h
WO9U,,/u/wo9u
WP3NIS,,/u/brooksgarrett
WP4PEL,,/u/aliendividedbyzero
WQ1F,,/u/WhiskeyQuebec
WQ3C,,/u/jagged2600
WT0N,,/u/coham
WT1J,,/u/wt1j
WT9S,,/u/wt9s
WU1B,,/u/WU1B
WU2F,,/u/LegoGuy23
WU3T,,/u/CyrilsScribe
WU7J,,/u/unsignedint
WV5L,,/u/greenv505
WW1X,,/u/Schrockwell
WW4FKR,,/u/MultifariAce
WW4KB,,/u/jmedlin
WW4VPN,,/u/lolsallad
WX0MMG,,/u/TheAbominableSnowman
WX4WCS,WX4WCS,
WX4WNC,,/u/ArchangelWx
WX9O,,/u/rriggsco
WY1C,,/u/WY1C
WY5Y,,/u/WY5Y
WY7JMS,,/u/bubbblehead
WY7YL,,/u/WY7YL
YL3IM,,/u/YL3IM
YN2WL,,/u/hobbycollector
YO2LDK,,/u/yo2ldk
YO5PUG,YO5PUG,/u/themkvli
YO8RZZ,,/u/yo8rzz
YO9IRF,,/u/YO9IRF
YT9TP,,/u/yt9tp
Z33RTF,,/u/rocangla
Z37CEF,,/u/f3rdz0
ZL1DA,,/u/iDanoo
ZL1OBI,,/u/ZL1OBI
ZL2APRS,zl4ben,/u/benstwhite
ZL2DBP,,/u/zl2dbp
ZL2KE,,/u/kiwi88man
ZL3CC,,/u/zl3cc
ZL3DWF,dwf_ZL3DWF,/u/derwhalfisch
ZL3FLY,,/u/Tilo15
ZL4BEN,zl4ben,/u/benstwhite
ZL4TRS,,/u/eythian
ZR6LU,,/u/leonuys
